SeriousDlqin2yrs,RevolvingUtilizationOfUnsecuredLines,age,NumberOfTime30-59DaysPastDueNotWorse,DebtRatio,MonthlyIncome,NumberOfOpenCreditLinesAndLoans,NumberOfTimes90DaysLate,NumberRealEstateLoansOrLines,NumberOfTime60-89DaysPastDueNotWorse,NumberOfDependents
0,0.0,70,0,0.0,23833.0,5,0,0,0,1.0
1,0.9999999,33,1,0.740129935,2000.0,6,0,0,0,3.0
0,0.12999846,65,1,0.357634994,6240.0,8,0,2,0,0.0
1,0.72745825,44,3,0.778059428,7100.0,8,0,1,1,3.0
0,0.000249988,56,0,5751.0,,16,0,3,0,0.0
0,0.744353643,54,1,0.310362542,13625.0,12,0,2,0,1.0
0,0.013578471,77,0,0.000830126,13250.0,2,0,0,0,0.0
1,0.052528199,36,1,0.261836202,14932.0,11,0,1,0,2.0
0,0.003797141,73,0,9.0,,7,0,0,0,0.0
0,0.708739706,43,0,0.293959575,8558.0,11,0,2,0,2.0
0,0.250191173,40,0,0.630304377,4500.0,13,0,1,0,1.0
0,0.9999999,32,0,0.0444247,2250.0,1,1,0,1,0.0
1,0.909003988,45,6,0.659060876,11350.0,15,1,3,0,0.0
0,0.499889941,56,0,0.26060684,23333.0,19,0,2,0,1.0
0,0.241233061,34,0,0.436912617,5000.0,11,0,2,0,0.0
0,0.173066431,45,0,0.382702162,8000.0,17,0,3,0,7.0
0,0.130136827,41,0,1.038384646,2500.0,11,0,0,0,2.0
0,0.403088139,50,0,0.530891485,9500.0,30,0,2,0,1.0
0,0.296756997,45,1,0.640062058,5800.0,12,0,3,0,0.0
0,0.006835804,62,0,12.0,,4,0,0,0,0.0
0,0.811818368,38,0,0.611652377,5131.0,8,0,2,0,0.0
0,0.921797005,56,0,0.590704648,1333.0,3,0,0,0,1.0
0,0.228493987,56,0,0.306564342,7296.0,9,0,2,0,0.0
0,0.036220881,72,0,0.064983754,4000.0,8,0,1,0,0.0
0,0.000693046,44,0,0.0,5178.0,2,0,0,0,0.0
0,0.076280266,45,0,0.433718324,5800.0,6,0,2,0,2.0
0,0.0,40,0,0.0,3500.0,1,0,0,0,0.0
0,0.054602112,80,0,0.377225067,4100.0,6,0,2,0,1.0
0,0.420771593,45,0,0.562751828,6700.0,9,0,2,0,2.0
0,0.367017608,46,0,0.260030125,7302.0,8,0,1,0,1.0
0,0.098910809,54,0,0.152445834,8953.0,11,0,1,0,0.0
1,0.089750282,41,0,2.219414894,751.0,7,0,1,0,1.0
0,0.001349153,49,0,0.612573885,1860.0,7,0,1,0,2.0
0,0.0,56,0,0.234362502,6250.0,3,0,2,0,0.0
0,0.235875415,45,0,0.020033389,11979.0,4,0,0,0,4.0
0,0.021806627,49,0,0.277595352,7917.0,16,0,2,0,3.0
0,0.049426554,41,0,0.187116126,7000.0,10,0,1,0,0.0
0,0.000590257,53,0,0.380231017,5280.0,8,0,1,0,0.0
0,0.466121556,53,2,1.28143214,1200.0,14,0,1,0,1.0
0,0.0,74,2,1784.0,,5,0,1,0,0.0
0,0.286892429,30,0,0.387543253,2600.0,10,0,0,0,0.0
0,0.032128341,55,0,0.018325698,2400.0,5,0,0,0,0.0
0,0.018219496,34,0,0.786038902,5500.0,14,0,1,0,2.0
0,0.031470541,59,0,1319.0,,8,0,1,0,0.0
0,0.316676597,61,0,0.631121076,11149.0,25,0,4,0,1.0
1,0.997062684,47,5,0.227954409,5000.0,5,0,0,1,2.0
0,0.247025099,38,0,0.225137082,9300.0,3,0,2,0,4.0
0,0.112057827,66,0,0.243962467,6500.0,9,0,2,0,0.0
0,0.033300891,80,0,0.180671269,4200.0,10,0,1,0,0.0
0,0.463947846,60,0,4140.0,,11,0,1,0,1.0
1,0.9999999,58,1,0.145141943,2500.0,1,1,0,0,0.0
0,0.205116492,65,1,128.0,,8,0,0,0,0.0
0,0.001719554,70,0,240.0,,7,0,0,0,0.0
0,0.121128899,50,0,0.369907523,4000.0,11,0,1,0,0.0
0,0.757638204,54,0,0.258176892,5166.0,7,0,1,0,0.0
0,0.068217113,62,0,1373.0,,4,0,1,0,0.0
0,0.927850299,61,2,4177.0,,12,0,2,0,1.0
0,0.207665871,68,0,0.313642565,7329.0,16,0,1,0,0.0
0,0.291690642,67,0,0.527547272,7350.0,16,0,1,0,1.0
0,0.03626943,33,0,1198.0,,2,0,1,0,0.0
0,0.0,53,0,2209.0,,5,0,1,0,1.0
0,0.990033223,23,0,0.109963346,3000.0,2,0,0,0,0.0
0,0.215421273,88,0,0.303262956,4167.0,5,0,1,0,0.0
0,0.075639885,49,0,0.723087654,4300.0,11,0,1,0,0.0
0,0.9999999,60,0,3.0,,0,0,0,0,0.0
0,0.083820008,75,0,0.010122164,5729.0,6,0,0,0,0.0
0,0.169221766,62,0,5941.0,,14,0,4,0,0.0
0,0.028228598,35,0,11.0,,2,0,0,0,0.0
0,0.095738044,36,0,0.208252783,15000.0,6,0,1,0,2.0
0,0.084376234,62,0,0.135869565,10487.0,15,0,2,0,0.0
0,0.027509081,33,0,0.631598652,2670.0,8,0,1,0,1.0
0,0.0,67,0,0.637194686,7000.0,7,0,1,0,0.0
0,0.069780898,56,1,0.479061725,13300.0,11,0,2,0,1.0
0,0.062192937,37,0,0.321711569,4416.0,8,0,2,0,1.0
0,0.00860487,76,0,12.0,,7,0,0,0,0.0
0,0.127138394,68,0,231.0,0.0,9,0,0,0,0.0
0,0.381138778,31,0,0.330814108,7541.0,12,0,1,0,1.0
0,0.201199201,23,0,0.003746878,2401.0,1,0,0,0,0.0
0,0.983842674,55,1,0.454880295,3800.0,4,2,2,0,3.0
0,0.253605241,68,0,0.302944418,6350.0,14,0,1,0,0.0
0,0.012459622,22,0,0.002150538,929.0,5,0,0,0,0.0
0,0.007174216,59,0,0.519675203,1600.0,12,0,1,0,0.0
0,0.0067651,57,0,0.164845385,4300.0,12,0,0,0,0.0
0,0.666083354,52,0,0.44077275,5900.0,6,0,1,0,0.0
0,0.288451925,33,0,0.21509434,7419.0,8,0,1,0,0.0
1,0.935447015,31,0,1002.0,,7,0,1,0,1.0
0,0.009549761,81,1,0.005275779,2084.0,6,0,0,0,0.0
0,0.145897811,67,0,680.0,,9,0,0,0,0.0
0,0.0,37,0,0.306447775,4202.0,9,0,1,0,0.0
0,5994.0,36,0,0.469271693,5450.0,6,0,1,0,0.0
0,0.003100515,47,0,0.376633987,3671.0,6,0,1,0,0.0
0,0.197995112,51,0,0.782789507,3125.0,10,0,1,0,1.0
0,0.441961074,49,0,0.569897343,6623.0,7,0,2,0,3.0
0,0.105020649,46,0,3672.0,,12,0,1,0,1.0
0,0.424532728,43,0,0.222548608,7148.0,6,0,2,0,3.0
0,0.055195584,51,0,20.0,,5,0,0,0,0.0
1,2.297612046,42,1,0.806048488,4000.0,8,2,1,4,0.0
0,3.3e-05,45,0,0.211489578,5900.0,6,0,1,1,3.0
0,0.9999999,26,0,0.007773459,1800.0,1,0,0,0,0.0
0,0.0,25,1,0.090181964,5000.0,4,0,0,0,0.0
0,0.26348589,49,1,8.305674588,7700.0,14,0,0,0,5.0
0,0.350872354,55,0,0.056981006,3000.0,7,0,0,0,0.0
0,0.147530055,53,0,6374.0,,6,0,1,0,0.0
0,0.411171434,42,0,0.550064277,7000.0,10,0,2,0,2.0
0,0.078515888,71,0,622.0,,4,0,0,0,0.0
0,0.005084407,60,0,0.125511856,10500.0,15,0,2,0,0.0
0,0.022126987,49,0,0.005248688,4000.0,3,0,0,0,0.0
0,0.689748288,51,0,0.604125249,4023.0,6,0,1,0,0.0
0,0.300149897,65,0,0.732965009,14660.0,23,0,5,0,0.0
0,0.109950853,56,0,0.264997778,6750.0,10,0,1,0,0.0
0,0.059273316,73,0,0.248937553,20000.0,12,0,1,0,2.0
0,0.014296747,44,0,0.21710161,1800.0,8,0,0,0,1.0
0,0.009243117,38,1,0.001454281,5500.0,6,0,0,0,0.0
0,0.099627307,31,0,0.43902439,2500.0,2,0,1,0,0.0
0,0.026290642,72,0,1274.0,,14,0,1,0,0.0
0,0.032713702,56,2,0.141318839,9750.0,7,0,1,0,0.0
0,0.114155191,69,0,1.271041629,5500.0,12,0,4,0,0.0
0,0.680568258,84,0,0.522113943,2667.0,6,0,3,0,0.0
0,0.16779161,74,0,1545.0,,4,0,1,0,0.0
0,0.012789893,82,0,0.002394029,7100.0,4,0,0,0,0.0
0,0.962869142,30,1,0.28391888,3500.0,9,0,0,0,5.0
0,0.010584105,66,0,24.0,,20,0,0,0,0.0
0,0.28689336,61,0,0.254090294,16257.0,19,0,1,0,0.0
0,0.566361436,34,0,0.346397695,1734.0,6,0,1,0,4.0
0,0.9999999,56,2,0.23072905,13400.0,3,1,2,1,2.0
0,0.040129755,91,0,26.0,,3,0,0,0,0.0
0,0.373741399,41,1,0.608185575,7500.0,25,0,1,0,0.0
0,0.022919013,62,0,0.165210713,10416.0,5,0,1,0,0.0
0,0.0,36,0,0.370418677,7666.0,4,0,1,0,2.0
0,0.024318154,67,0,0.003636033,11000.0,6,0,0,0,0.0
0,0.102779444,49,0,0.002608242,5750.0,3,0,0,0,0.0
0,0.001822328,72,0,0.290397582,4300.0,17,0,1,0,0.0
0,0.460114066,29,0,558.0,,4,0,0,0,0.0
0,0.482889618,56,0,0.399975394,8127.0,22,0,1,0,0.0
0,0.218079196,69,0,1559.0,,13,0,2,0,
0,0.681036398,39,1,0.42382217,10166.0,11,0,3,0,0.0
0,0.237752969,54,0,0.263491106,3316.0,6,0,1,0,3.0
0,0.103714071,58,0,0.234177854,9906.0,26,0,2,0,0.0
0,0.687986567,29,1,0.102435978,1600.0,6,0,0,0,0.0
0,0.133982483,55,0,1615.0,1.0,13,0,1,0,0.0
0,0.092034602,33,0,0.276895415,10010.0,8,0,1,0,3.0
0,0.027525515,62,0,0.021760439,5100.0,14,0,0,0,0.0
0,0.0,44,0,0.434844698,2800.0,4,0,1,0,0.0
0,0.351372337,53,1,0.328893604,25451.0,11,0,3,0,0.0
0,0.235128412,62,0,0.361637219,7866.0,15,0,1,0,3.0
0,0.060096337,67,0,0.237985577,16500.0,16,0,2,0,0.0
0,0.043406261,48,1,0.301629238,9083.0,8,0,1,0,3.0
0,0.891862001,57,0,0.49856,12499.0,12,0,3,0,2.0
0,0.716283716,46,0,0.389372947,7000.0,9,0,2,0,0.0
0,0.025994224,71,2,2718.0,,7,0,0,0,0.0
0,0.450157098,58,0,0.15972034,18450.0,7,0,1,0,1.0
0,0.023048828,53,0,0.304266816,5366.0,7,0,1,0,1.0
0,0.139885375,38,1,1.758600412,3400.0,5,0,2,0,0.0
0,0.026341412,50,0,1607.0,,9,0,1,0,0.0
0,0.223170134,46,0,0.55782235,8724.0,11,0,2,0,2.0
0,0.9999999,29,0,0.0,2000.0,0,1,0,0,0.0
0,0.69234638,40,0,0.107829565,6500.0,8,0,0,0,0.0
0,0.214938474,45,0,0.311370337,7800.0,5,0,2,0,5.0
0,0.012702812,70,0,0.286871313,10000.0,12,0,1,0,0.0
1,0.863126782,50,2,0.318368163,10000.0,12,0,1,0,1.0
0,0.031878576,66,0,0.017149717,5830.0,8,0,0,0,0.0
0,0.006891076,87,0,0.005994006,1000.0,10,0,0,0,0.0
0,0.084091399,72,0,0.34362502,6250.0,16,1,1,0,0.0
0,0.186559958,58,0,0.310093652,5765.0,7,0,2,0,0.0
0,0.0,50,0,1737.0,,15,0,2,0,1.0
0,0.093244452,80,0,0.35818409,2400.0,9,0,1,0,1.0
0,0.032913482,64,1,0.25247896,12000.0,12,0,1,0,0.0
0,0.849592915,56,1,0.298569451,6500.0,7,1,0,0,0.0
0,0.147047386,56,1,0.114401077,3714.0,6,0,0,0,0.0
0,0.044298893,67,0,0.138716618,7900.0,5,0,1,0,0.0
0,0.681682958,68,0,0.293521187,9368.0,8,0,1,0,0.0
0,0.776447106,52,0,11.0,,1,0,0,1,0.0
0,0.018038323,51,0,0.203967365,6250.0,23,0,2,0,0.0
0,0.510731857,57,0,0.422766179,12500.0,14,0,4,0,3.0
0,0.232883596,58,1,0.032220114,68000.0,8,0,1,0,3.0
0,0.697907814,51,0,0.950451722,7083.0,17,0,3,0,1.0
1,0.042802081,42,0,0.389851967,10267.0,17,0,2,0,2.0
1,0.422219711,46,0,1.349174386,4965.0,10,0,5,0,2.0
0,0.0,26,0,0.0,900.0,2,0,0,0,0.0
0,0.9999999,57,6,0.61829436,7269.0,12,0,2,0,2.0
0,0.220318645,45,0,0.303898927,7360.0,4,0,2,0,3.0
0,0.105059556,45,0,0.320139697,7730.0,18,0,1,0,2.0
0,0.9999999,27,0,0.03407542,2200.0,0,4,0,0,0.0
1,1.020549641,33,1,0.940019349,3100.0,15,3,1,1,2.0
0,0.907791822,37,0,0.604341626,6310.0,7,0,1,0,3.0
0,0.087201364,46,0,0.374890255,10250.0,24,0,2,0,1.0
0,0.112593857,58,0,2272.0,,16,0,1,0,0.0
0,0.213545836,53,0,0.213866623,12100.0,14,0,2,0,2.0
0,0.428252978,39,0,0.319545187,5100.0,7,0,1,0,3.0
0,0.020449644,76,2,0.294117647,6000.0,11,0,1,0,1.0
0,0.023181183,70,1,0.060715143,4166.0,42,1,0,0,0.0
0,0.002256381,63,0,0.00059997,6666.0,9,0,0,0,0.0
0,0.270354452,56,0,0.433818687,13666.0,10,0,1,0,0.0
0,0.961445435,45,0,0.291050584,6424.0,7,0,0,0,0.0
0,0.9999999,27,0,0.064623584,1500.0,2,0,0,0,0.0
0,0.012553653,61,0,0.020518359,8333.0,4,0,0,1,0.0
0,0.121938557,49,0,0.155336154,10634.0,12,0,2,0,0.0
0,0.082147946,37,0,0.174227526,30000.0,6,0,2,0,0.0
0,0.104884227,73,0,69.0,,5,0,0,0,0.0
0,0.27565137,38,0,0.59435771,3650.0,10,0,0,0,1.0
0,1.133546581,28,0,0.046678373,6833.0,2,0,0,0,0.0
0,0.00938917,64,0,0.148303231,16000.0,15,0,1,0,0.0
0,0.0,53,0,1505.0,,5,0,1,0,0.0
0,0.653239612,50,0,0.389841351,7815.0,8,0,1,0,1.0
0,1.004416299,42,0,0.283397394,10666.0,6,0,2,0,3.0
0,0.003573697,58,0,0.433713784,6833.0,18,0,2,0,0.0
0,0.9999999,47,0,0.362674726,2646.0,2,1,0,0,1.0
0,0.018912632,57,0,2135.0,,10,0,2,0,
0,0.002612566,67,0,0.001188707,3364.0,4,0,0,0,0.0
1,0.970893142,39,1,0.559185813,11446.0,9,0,3,2,2.0
0,1.036592681,40,2,0.21054226,3300.0,3,0,0,0,1.0
0,0.586703683,71,3,0.579684063,5000.0,14,0,1,0,0.0
0,0.041084962,64,0,0.264227981,12000.0,8,0,1,0,0.0
0,0.813319619,47,0,0.065331928,15183.0,4,0,0,0,4.0
0,1.021165491,39,0,2350.0,,11,0,0,0,0.0
0,0.11694686,80,2,0.22397365,8500.0,15,0,1,0,0.0
0,0.003090769,68,0,0.00036357,5500.0,2,0,0,0,1.0
0,0.023314672,48,0,0.144633317,10294.0,14,0,1,0,1.0
0,0.03888795,41,0,0.048390322,5000.0,5,0,0,1,0.0
0,0.0,81,0,0.0,,2,0,0,0,0.0
0,0.006914863,56,0,0.298220182,12416.0,49,0,2,0,1.0
0,0.9999999,21,0,400.0,,1,0,0,0,0.0
0,0.472124206,39,1,0.451124852,7600.0,11,0,3,0,0.0
0,0.156301681,31,0,0.044898739,5233.0,6,0,0,0,1.0
0,0.45297843,37,0,0.252366351,7500.0,8,0,1,0,1.0
0,0.06964165,73,0,0.006080876,9866.0,5,0,0,0,0.0
0,0.002854494,51,1,0.367784747,11000.0,10,0,2,0,2.0
0,0.076972671,50,0,0.23446487,8866.0,14,0,2,0,1.0
0,0.455796457,39,0,1496.0,,8,0,0,0,
0,0.051598526,51,0,0.365970095,11101.0,9,0,2,0,0.0
0,0.919452151,71,1,4942.0,,30,1,1,0,0.0
0,0.020117748,47,0,0.303132938,1180.0,9,0,0,0,2.0
0,0.016178586,39,0,0.453692681,21000.0,17,0,2,0,2.0
0,0.118171664,53,1,0.525975299,5100.0,12,0,1,0,2.0
0,0.9999999,59,0,500.0,,1,0,0,0,0.0
0,0.03723654,69,0,0.005999077,6500.0,7,0,0,0,0.0
0,0.003928478,63,0,0.000499376,8009.0,2,0,0,0,0.0
0,0.280168565,70,0,0.254248584,3000.0,2,0,1,0,1.0
0,0.492101782,39,2,0.548009809,5300.0,6,0,1,0,2.0
0,0.0,46,1,1978.0,,3,0,2,0,0.0
0,0.548162094,49,0,2.746169221,1500.0,6,0,2,0,0.0
0,0.707129901,33,1,0.503812023,8000.0,12,0,2,0,1.0
0,0.04385176,48,0,0.31755153,8004.0,6,0,1,0,2.0
0,0.0,53,0,1311.0,,4,0,1,0,4.0
0,0.125109361,40,0,0.322197055,5297.0,7,0,1,0,2.0
0,0.016131183,67,0,3.0,,2,0,0,0,0.0
0,0.047987381,50,1,0.34495688,8000.0,11,0,2,0,1.0
0,0.14403479,57,0,0.213446638,4000.0,6,0,1,0,0.0
0,0.001944507,62,0,0.000191791,5213.0,6,0,0,0,0.0
0,1629.0,39,1,3880.0,,9,0,3,0,1.0
0,0.9999999,46,0,0.029411765,1223.0,2,0,0,0,1.0
0,0.056998035,74,0,1936.0,,7,0,2,0,
0,0.3979607,63,0,3702.0,,12,0,2,0,0.0
0,0.9999999,47,1,0.290709996,2830.0,5,0,0,0,0.0
0,0.227355695,58,0,0.449677849,4500.0,10,0,2,0,2.0
0,0.050217756,74,0,0.238273142,4817.0,5,0,2,0,0.0
0,0.113848712,74,0,0.306013238,7100.0,8,0,1,0,1.0
0,0.19444859,48,0,2481.0,,8,0,2,0,0.0
0,0.007190203,38,0,0.435557488,4600.0,7,0,1,0,2.0
0,0.086235823,29,0,0.039981826,2200.0,5,0,0,0,0.0
1,0.964603399,51,1,586.0,,10,0,0,0,
0,0.020747759,79,0,0.018883415,2435.0,14,0,0,0,0.0
0,0.057472655,60,0,0.225834977,14700.0,9,0,2,0,0.0
0,0.248976955,48,0,0.385889746,3500.0,13,0,1,0,0.0
0,0.2331637,62,0,0.188684011,7917.0,10,0,1,0,0.0
0,0.0,52,0,3580.0,,11,0,2,0,0.0
0,0.110696941,74,0,0.313345091,1700.0,6,0,0,0,0.0
0,1.125937031,42,1,0.107262976,11000.0,4,1,0,1,2.0
0,0.091311998,60,1,0.106532737,13638.0,14,0,1,0,0.0
0,0.9999999,44,0,0.062013648,8352.0,1,0,0,0,3.0
0,0.075450135,69,0,0.420635934,7830.0,18,0,2,0,0.0
0,0.05492322,64,0,0.221422256,7916.0,7,0,2,0,1.0
0,0.833423375,31,0,2.969875092,1360.0,15,0,2,0,0.0
0,0.320899827,81,0,50.0,,3,0,0,0,0.0
0,0.044037855,74,0,0.001993797,4513.0,4,0,0,0,0.0
0,0.08828067,72,0,0.018976898,2423.0,4,0,0,0,0.0
0,0.476930136,44,0,0.366819508,9595.0,17,0,4,0,0.0
0,0.076349288,45,0,3431.0,,9,0,2,0,0.0
0,0.048924443,76,0,0.002461349,13000.0,3,0,0,0,2.0
0,0.332740123,58,0,0.623821765,2333.0,4,0,1,0,2.0
0,0.003039878,70,0,80.0,,6,0,0,0,
0,0.9999999,43,0,0.191003213,2800.0,3,0,0,0,2.0
0,0.377129671,70,0,0.549207256,7000.0,10,0,2,0,0.0
0,0.588547406,62,0,2992.0,,7,0,3,0,0.0
0,0.109827955,58,0,2695.0,,11,0,2,0,
0,0.005292822,52,0,0.531129726,8833.0,12,0,2,0,1.0
0,0.896777171,54,1,0.235254915,3000.0,5,0,0,1,0.0
0,0.196758683,74,0,2835.0,,8,0,3,0,0.0
0,0.22630232,65,2,0.232137013,9166.0,18,0,1,0,0.0
0,0.012922746,51,0,0.296468762,5153.0,7,0,1,0,0.0
0,0.0,40,0,0.449571133,3380.0,2,0,1,0,0.0
0,0.010265982,63,0,0.299915038,2353.0,2,0,1,0,0.0
0,0.038592282,56,0,0.233554617,3313.0,6,0,0,0,1.0
0,0.7712425,46,0,4599.0,,9,0,2,0,1.0
0,0.032924722,65,0,1.034372502,1250.0,21,0,1,0,0.0
0,0.125874126,23,0,0.000760264,3945.0,1,0,0,0,0.0
0,0.29928467,37,0,116.0,,3,0,0,0,0.0
0,0.9999999,47,0,0.022695035,7049.0,1,0,0,0,0.0
0,0.318143941,62,0,3058.0,,12,0,4,0,0.0
0,0.018370418,61,0,51.0,,6,0,0,0,0.0
0,0.467680608,26,0,0.045088373,8316.0,4,0,0,0,1.0
0,0.039537448,56,0,0.102868013,6833.0,8,0,1,0,1.0
0,0.023984928,64,1,0.159742696,3730.0,13,0,0,0,1.0
0,0.047177954,69,0,0.177763343,9236.0,16,0,1,0,0.0
0,0.9999999,52,0,0.0,,0,0,0,0,0.0
0,0.114859009,31,0,0.578855286,4000.0,7,0,1,0,0.0
0,0.854004867,38,0,0.189668232,6600.0,4,0,0,0,0.0
0,0.453791813,51,0,0.599668325,6029.0,4,0,2,0,3.0
0,0.0,72,0,0.0,,3,0,0,0,0.0
0,0.0,36,0,0.756659142,2214.0,7,0,1,0,0.0
0,0.733145708,50,1,0.319493207,6550.0,11,0,1,0,0.0
0,0.042064195,51,0,0.5,2173.0,6,0,1,0,3.0
0,0.211102968,53,1,0.275092937,7800.0,7,0,1,0,0.0
0,0.959685593,50,1,0.244180597,6400.0,8,0,0,0,1.0
0,0.03737868,76,1,0.372787227,2880.0,8,0,1,0,0.0
0,0.273031869,78,0,1659.0,,7,0,1,0,0.0
0,0.016868832,93,0,0.009151414,1201.0,3,0,0,0,0.0
0,0.397824717,42,0,480.0,,9,0,0,0,2.0
0,0.957980438,45,0,809.0,,6,0,0,0,0.0
0,0.102331327,59,0,0.131292931,11500.0,7,0,1,0,3.0
0,0.327111168,62,0,0.551778317,7000.0,22,0,1,0,0.0
0,0.08861387,62,0,0.12571857,4000.0,11,0,0,0,0.0
0,0.79060698,50,0,0.251429853,8916.0,11,0,1,0,0.0
0,0.351062326,62,0,0.285559036,15642.0,9,0,3,0,1.0
0,0.126645559,32,0,0.1317485,4500.0,6,0,0,0,0.0
0,0.003363483,32,0,0.122417241,4500.0,13,0,0,0,0.0
0,0.003503722,41,0,0.752099832,4166.0,10,0,2,0,2.0
0,0.376764119,56,1,0.379628183,6400.0,9,0,1,0,2.0
1,0.9999999,29,0,0.0,,0,0,0,1,0.0
0,0.378874413,69,0,0.423744397,8700.0,16,0,2,0,0.0
0,0.0,48,0,0.259968102,3761.0,4,0,0,0,1.0
0,0.011342155,61,0,0.29847868,4666.0,7,0,1,0,3.0
0,0.208643484,45,0,1941.0,,4,0,1,0,0.0
0,0.0,68,0,502.0,,3,0,0,0,0.0
0,0.456343743,32,0,0.286613072,2860.0,7,0,1,0,0.0
0,0.000895478,87,0,0.0,,7,0,0,0,0.0
0,0.772569607,69,0,0.575106223,4000.0,18,0,1,0,0.0
0,0.006764573,82,0,0.368712947,5228.0,20,0,1,0,1.0
0,0.111897905,72,0,0.224577542,10000.0,15,0,1,0,0.0
0,0.538413492,47,0,25.0,,14,0,0,0,
0,0.122043055,33,0,0.87906047,2000.0,8,0,1,0,3.0
0,0.025772051,26,0,898.0,0.0,4,0,0,0,0.0
0,0.090144422,64,0,0.246376812,2000.0,5,0,0,0,0.0
0,0.85537021,45,1,0.414015304,4965.0,7,0,0,0,0.0
0,0.065989002,30,1,444.0,,3,0,0,0,
0,1.219195201,31,1,0.204718113,2500.0,3,0,0,0,2.0
0,0.068881328,57,0,2354.0,,5,0,1,0,0.0
0,0.465702287,48,0,0.214045753,6250.0,8,0,2,0,0.0
0,0.30481664,57,0,0.34441162,4061.0,6,0,1,0,3.0
0,0.0,89,0,0.0,1600.0,3,0,0,0,0.0
0,0.989247312,59,0,0.033057851,1451.0,2,0,0,0,0.0
0,0.096864269,52,0,0.323558814,3000.0,6,0,1,0,1.0
0,0.501056132,56,1,0.554584506,6750.0,14,0,2,0,0.0
1,0.928997937,49,4,0.406358238,8083.0,9,1,2,0,0.0
0,0.10299485,45,0,61.0,,3,0,0,0,0.0
0,0.0,44,0,0.040225829,1416.0,2,0,0,0,2.0
0,0.102500998,65,0,2596.0,,19,0,2,0,0.0
1,0.9999999,54,0,3035.0,,4,4,2,0,0.0
0,0.9999999,79,0,0.204855491,4324.0,1,0,0,0,0.0
0,0.00939812,37,1,0.992503748,2000.0,5,0,2,0,2.0
0,0.283431394,45,0,0.250593676,8000.0,11,0,2,0,2.0
0,0.464621972,42,0,0.485967602,15000.0,23,0,1,0,0.0
0,0.9999999,32,0,425.0,,4,0,0,0,0.0
0,0.237854018,48,1,0.118098826,6900.0,12,0,0,0,0.0
0,0.01361178,69,0,1.125574273,3917.0,15,0,2,0,0.0
0,0.324558323,44,0,5197.0,,14,0,4,0,1.0
0,0.005463281,77,0,0.00456621,1094.0,3,0,0,0,0.0
0,0.842334945,67,0,1.284761236,2847.0,15,0,0,0,1.0
0,0.032787289,60,0,0.302045553,6892.0,11,0,1,0,0.0
0,0.243039532,23,0,0.26987149,2100.0,5,0,0,0,0.0
0,0.0,40,0,0.226477249,4856.0,3,0,0,0,2.0
0,0.045067285,57,0,0.279553029,5100.0,16,0,1,0,1.0
0,0.168230084,62,0,0.242451067,10166.0,2,0,1,0,0.0
0,0.10600167,47,0,0.411692845,5729.0,7,0,2,0,2.0
0,0.85440416,31,0,0.171443807,7500.0,5,0,0,0,0.0
0,0.441970663,60,0,380.0,,5,0,0,0,0.0
0,0.018190308,66,0,0.454678007,8229.0,7,0,2,0,1.0
1,0.381199688,71,0,1.09947839,2683.0,7,0,1,1,0.0
0,0.031387436,29,0,63.0,1.0,4,0,0,0,0.0
0,0.9999999,39,0,0.424548736,4154.0,3,0,1,0,0.0
0,0.048676399,53,0,3240.0,,19,0,3,0,0.0
1,0.838760608,51,0,1834.0,,5,0,2,0,
0,0.317421709,36,0,0.350788002,5900.0,8,0,1,0,2.0
0,0.371257485,53,1,5.0,,1,4,0,0,0.0
0,0.882419116,54,0,0.30988092,11000.0,25,3,0,0,2.0
1,0.637362637,25,1,0.0223398,1700.0,2,0,0,0,0.0
0,0.239036508,50,0,0.613541411,8137.0,14,0,2,0,1.0
0,0.535170197,46,0,0.871130031,2583.0,9,0,1,0,2.0
0,0.048324332,50,0,0.230688036,36000.0,12,0,2,0,3.0
0,0.060066817,84,0,2480.0,,4,0,1,0,0.0
1,0.9999999,50,0,489.0,,1,0,0,0,0.0
0,0.377333522,62,0,0.178832242,29166.0,6,0,2,0,0.0
0,0.432357423,52,0,878.0,,21,0,0,0,0.0
0,0.025424869,55,2,0.521949078,6833.0,11,0,4,0,0.0
0,0.00046752,64,0,0.0,4514.0,2,0,0,0,0.0
0,0.666523526,48,3,0.588465116,5374.0,10,0,2,1,3.0
0,0.135843208,71,0,82.0,,4,0,0,0,0.0
1,0.384795705,67,1,3834.0,,19,0,1,0,0.0
0,0.423359664,80,0,0.285471377,5292.0,8,0,0,0,0.0
0,0.020485129,56,0,0.032983508,2000.0,12,0,0,0,0.0
0,0.006389776,53,0,0.000587889,1700.0,5,0,0,0,0.0
0,0.306236433,57,0,0.205453306,7334.0,4,0,1,0,2.0
0,0.208635324,55,0,0.345681036,6100.0,8,0,2,0,4.0
0,0.232450501,41,0,0.645379777,6200.0,5,0,2,0,0.0
0,0.092655197,61,0,0.693792581,5283.0,14,0,2,0,1.0
0,0.95910409,58,0,0.24572345,5611.0,10,0,0,0,0.0
0,0.569250318,54,0,0.513017018,17745.0,17,0,4,0,0.0
0,0.393830078,37,0,0.637470847,3858.0,8,0,1,0,1.0
0,0.168813599,40,0,1171.0,,11,0,1,0,0.0
0,0.057423492,47,0,96.0,,5,0,0,0,0.0
0,0.558110472,42,0,0.038080334,3833.0,4,0,0,0,4.0
0,0.083343187,61,0,0.681512452,5500.0,10,0,2,0,2.0
0,1.013266451,30,0,0.531078154,6000.0,20,0,2,0,1.0
0,0.984040981,69,1,0.376235348,4350.0,7,1,0,0,1.0
1,0.176183485,53,0,0.934536638,3711.0,10,0,2,0,2.0
0,0.398898385,78,0,0.373448921,5882.0,10,0,1,0,0.0
0,0.415716857,59,0,0.247182843,2750.0,4,0,2,0,0.0
0,0.9999999,68,0,716.0,,1,0,1,0,
0,0.0,37,0,0.26056858,10833.0,9,0,1,0,2.0
0,0.718474952,53,0,0.500848896,5300.0,11,0,0,0,2.0
0,0.459832203,41,0,0.565231679,3042.0,8,0,1,0,1.0
1,0.347287516,54,1,0.260570305,3050.0,5,0,1,0,0.0
0,0.0,54,0,2089.0,,5,0,1,0,0.0
0,0.043117623,54,1,0.183320923,13429.0,18,0,1,0,0.0
1,1.031069936,46,1,0.158099047,8500.0,15,0,2,0,0.0
0,0.022032599,67,0,611.0,,7,0,1,0,0.0
0,0.9999999,35,1,0.117576485,5000.0,5,2,0,1,0.0
0,0.984499128,45,2,1289.0,,8,0,0,0,0.0
0,0.912985376,45,0,4517.0,,22,0,1,0,0.0
0,0.282830207,26,0,0.098048702,6200.0,5,1,0,0,1.0
0,0.897774074,63,1,0.252131601,22400.0,18,0,4,0,1.0
0,0.31912435,77,0,0.201013096,8093.0,8,0,2,0,0.0
0,0.52716643,67,0,0.316024376,11650.0,10,0,2,0,1.0
0,0.0,75,0,0.0,,1,0,0,0,
1,0.184601185,39,0,1882.0,,6,0,1,0,
0,0.477672067,31,0,0.114400727,7700.0,11,0,0,0,1.0
0,0.428744988,52,0,0.688662268,3333.0,25,0,1,0,1.0
0,0.596984936,58,0,0.793793321,6347.0,12,0,2,0,0.0
1,0.919483507,52,8,0.754922128,10208.0,19,4,4,2,1.0
1,0.940841001,60,0,0.602279544,5000.0,17,0,1,0,1.0
0,0.253464456,50,0,0.325734853,5000.0,17,0,2,0,0.0
0,0.9999999,43,0,0.0,5333.0,0,0,0,0,2.0
0,0.0,59,0,0.199452721,9866.0,6,0,1,0,4.0
0,0.01203187,65,0,1091.0,,2,0,1,0,
0,0.88609406,40,0,0.856031993,4500.0,11,0,2,0,1.0
0,0.0,41,0,0.346902339,5600.0,4,0,1,0,0.0
0,0.0,73,0,343.0,,5,0,0,0,0.0
0,0.01145773,60,0,0.245076949,18128.0,11,0,2,0,0.0
0,0.554791781,67,0,0.237529163,9000.0,10,0,2,0,1.0
0,0.0,52,0,1997.0,,7,0,1,0,0.0
0,0.013498313,24,0,0.635809988,820.0,5,0,0,0,0.0
0,0.88495362,55,2,1.096908573,4560.0,12,3,3,2,0.0
0,0.087833186,55,0,187.0,1.0,7,0,0,0,0.0
0,0.01143739,85,0,0.046563193,450.0,5,0,0,0,0.0
0,0.588243085,70,0,0.399504369,15333.0,8,0,1,0,0.0
0,0.168341307,75,0,0.315723966,7230.0,15,0,1,0,0.0
0,0.004531171,52,1,0.52195029,10500.0,10,0,1,0,0.0
0,0.9999999,25,0,0.127342124,2881.0,2,0,0,0,0.0
0,0.011466448,71,0,0.202766477,6144.0,8,0,0,0,1.0
0,0.162820974,35,0,0.506499409,11000.0,15,0,4,0,0.0
0,0.059070752,76,0,61.0,,2,0,0,0,0.0
0,0.640167094,56,1,0.468536347,7166.0,12,0,1,0,0.0
0,0.040093775,59,0,1943.0,,8,0,1,0,0.0
0,0.965406919,55,0,882.0,,3,0,0,0,0.0
0,0.042909552,62,0,0.041813602,1984.0,10,0,0,0,0.0
0,0.00091222,76,0,1330.0,,10,0,1,0,0.0
0,0.57928014,63,0,0.677694457,6800.0,15,0,2,0,0.0
0,0.242893998,47,0,0.401928068,8090.0,11,0,1,0,2.0
0,0.164373474,62,0,0.196765075,6367.0,6,0,1,0,0.0
0,0.475841386,43,0,0.198811453,1850.0,2,0,0,0,3.0
0,0.039526272,54,0,0.506998445,4500.0,8,0,2,0,1.0
0,0.093628028,57,0,0.261658729,11128.0,19,0,1,0,1.0
0,0.00077271,51,0,3551.0,,7,0,2,0,0.0
0,0.314297605,60,1,2363.0,,6,0,1,0,0.0
0,0.487614164,69,0,0.395653405,14125.0,16,0,2,0,1.0
0,0.083294919,54,0,0.123764026,9000.0,8,0,1,0,0.0
0,0.257984176,55,1,3058.0,,10,0,1,0,0.0
0,0.021354686,55,0,0.145228216,2650.0,17,0,0,0,0.0
0,0.009676001,69,1,0.004799616,12500.0,22,0,0,1,0.0
0,0.134187829,53,0,0.968352789,3854.0,10,0,2,0,3.0
1,0.976747667,71,2,1155.0,,15,1,0,0,0.0
0,0.109910974,42,0,0.363917207,3236.0,10,0,1,0,0.0
0,0.37645182,46,1,0.970005999,5000.0,9,0,1,0,2.0
1,0.900458142,26,1,0.082566462,3911.0,7,0,0,1,0.0
0,0.015272396,69,0,0.0089982,5000.0,8,0,0,0,0.0
0,0.0,25,0,0.000291036,3435.0,2,0,0,0,2.0
0,0.008427143,44,0,923.0,,4,0,1,0,0.0
0,0.102844639,43,0,3258.0,,5,0,1,0,0.0
0,0.0,57,0,1613.0,,10,0,1,0,0.0
0,0.047995378,61,0,0.627774445,3333.0,13,0,2,0,0.0
0,0.0,59,0,0.288664745,2081.0,5,0,1,0,1.0
0,0.064677186,84,0,0.402519496,3333.0,15,0,1,0,0.0
0,0.102975795,46,0,0.302577097,16180.0,9,0,2,0,5.0
0,0.0,50,0,0.473670177,7500.0,7,0,2,0,0.0
0,0.311725823,46,0,0.296409008,11500.0,12,0,3,0,2.0
0,0.852665738,61,4,0.210879516,22500.0,16,0,3,0,0.0
0,0.0,71,0,1469.0,,9,0,1,0,0.0
0,0.588266525,56,2,0.263559497,4848.0,8,0,1,0,0.0
0,0.297030299,51,0,1300.0,,9,0,1,0,0.0
0,0.324370868,35,0,0.539115221,4000.0,8,0,2,0,0.0
0,0.32443242,65,0,0.04671916,1904.0,2,1,0,0,0.0
0,0.146693521,30,0,0.004113816,2916.0,2,0,0,0,0.0
0,0.098427084,36,0,0.513871532,4000.0,10,0,1,0,2.0
0,0.156388315,63,0,152.0,0.0,5,0,0,0,0.0
0,0.538690886,35,0,0.510212827,7000.0,6,0,2,0,1.0
0,0.087225384,39,0,180.0,,6,0,0,0,0.0
0,0.488398671,50,0,0.448641391,28300.0,16,0,5,0,2.0
0,0.560331216,32,0,0.367631743,4800.0,13,0,0,0,0.0
0,0.501719862,34,0,0.306119381,6650.0,6,0,2,0,1.0
0,0.005269744,63,0,0.077203965,3833.0,19,0,0,0,0.0
0,0.288266301,66,1,0.60150958,5166.0,15,0,1,0,0.0
0,0.0,65,0,329664.0,,9,0,3,0,0.0
0,0.0,46,0,0.0,,5,0,0,0,0.0
0,0.387357878,50,0,0.277196653,5735.0,9,0,1,0,1.0
0,0.473157928,49,0,0.217684526,2668.0,6,0,1,0,0.0
1,0.863787375,32,0,0.160384924,2493.0,2,0,0,0,0.0
0,0.408204235,59,0,0.408770161,3967.0,11,0,1,0,0.0
0,0.672728977,57,0,0.447423465,5258.0,9,0,1,0,1.0
0,0.039589075,67,0,0.013502986,3850.0,6,0,0,0,1.0
0,0.177512447,67,0,0.497113083,7100.0,25,0,3,0,1.0
0,0.006824281,79,0,0.00212057,3300.0,8,0,0,0,0.0
0,0.193237991,40,0,2076.0,0.0,5,0,1,0,0.0
0,0.059947003,37,0,0.360741676,10300.0,7,0,2,0,2.0
0,0.0,39,0,0.437458343,4500.0,4,0,1,0,1.0
0,0.053926826,45,0,1834.0,0.0,14,0,1,0,2.0
1,0.348184037,49,1,0.481461507,7416.0,13,1,1,0,1.0
0,0.100546528,40,0,0.480258014,5115.0,20,0,2,0,0.0
0,0.0,55,0,0.0,4142.0,6,0,0,0,0.0
0,0.025292748,72,0,0.604126679,2083.0,7,0,1,0,0.0
0,0.00576061,62,0,24.0,0.0,12,0,0,0,0.0
0,0.139507357,56,0,0.548977183,5083.0,14,0,2,0,1.0
0,0.343953788,64,0,0.276180955,4000.0,9,0,1,0,0.0
0,0.304914286,65,2,0.282742317,4229.0,18,0,0,0,0.0
0,0.051889687,58,0,2084.0,,12,0,2,0,2.0
0,0.514842822,30,0,927.0,,18,0,0,0,0.0
0,0.006176244,68,0,138.0,,4,0,1,0,0.0
0,0.343710162,46,1,0.465255791,6000.0,15,0,1,0,2.0
0,0.128632169,59,0,0.049662528,12000.0,11,0,0,0,2.0
1,1.016709427,72,0,0.862091939,1500.0,3,0,0,0,0.0
0,0.031210412,37,1,0.139408656,7000.0,14,0,1,0,1.0
0,0.610530993,33,0,0.318068193,10000.0,7,0,2,0,3.0
0,0.0,39,0,0.0,4422.0,5,0,0,0,0.0
1,0.232372168,40,2,0.344280043,11083.0,15,0,2,0,2.0
0,0.00679864,50,0,0.097650392,6000.0,2,0,0,0,0.0
0,0.081349923,39,0,0.456504175,3712.0,5,0,1,0,2.0
0,0.037971296,71,0,0.043316535,8333.0,6,0,0,0,0.0
0,0.767038986,64,1,0.706718346,5417.0,22,0,1,0,0.0
0,0.009005753,57,0,1361.0,,7,0,1,0,0.0
0,0.051054384,32,0,435.0,,3,0,0,0,0.0
0,0.360576167,43,1,0.240766713,6416.0,10,0,1,0,3.0
0,0.0,79,0,0.0,,2,0,0,0,0.0
0,0.604395604,33,2,664.0,,4,1,0,3,0.0
0,0.000134527,47,0,0.206132311,6000.0,14,0,2,0,0.0
0,0.404224073,72,1,2687.0,,10,0,1,1,0.0
0,0.0,85,0,118.0,,4,0,0,0,
0,0.059567174,29,1,0.25014997,6667.0,3,0,2,0,0.0
0,0.74130675,45,0,0.464239371,13100.0,15,0,3,0,4.0
0,0.415109695,76,0,0.399838937,9933.0,13,0,2,0,0.0
0,0.01060758,48,0,0.037372664,16000.0,9,0,1,0,3.0
0,0.757695343,27,1,0.429295489,1972.0,5,0,0,0,0.0
0,0.078909777,39,0,0.440504712,6260.0,11,0,2,0,1.0
0,0.047196107,53,0,0.525819998,8810.0,13,0,1,0,3.0
0,0.000248432,54,1,0.196544276,8333.0,7,0,0,0,1.0
1,0.319413594,26,1,0.006997667,3000.0,2,0,0,0,0.0
0,0.263018692,62,0,0.325434913,3333.0,17,0,0,0,0.0
0,0.027460708,54,0,0.328033598,6666.0,11,0,2,0,4.0
1,0.2131854,60,0,0.386271871,5200.0,12,0,1,0,2.0
0,0.0,27,0,0.0,2900.0,2,0,0,0,1.0
0,0.346666667,64,0,2375.0,,9,0,2,0,0.0
0,0.601603111,44,1,0.310068993,10000.0,5,0,2,0,4.0
0,0.327817654,38,0,0.446947719,16200.0,17,0,3,0,2.0
0,0.03157211,39,0,0.644706486,3900.0,14,0,1,0,1.0
0,0.514321428,54,0,0.49430347,3861.0,13,0,1,0,0.0
0,0.08639977,40,0,0.013741049,5166.0,2,0,0,0,0.0
0,0.033837293,67,0,0.07827027,4624.0,10,0,1,0,0.0
0,0.0,68,0,0.105344733,20000.0,9,0,1,0,1.0
0,0.845474614,26,0,0.089638622,7083.0,5,1,0,0,0.0
0,0.963293065,40,0,0.411448276,7249.0,17,0,2,0,4.0
0,0.693536932,50,0,1147.0,,2,1,1,1,0.0
0,0.96629053,43,0,0.423937554,5764.0,4,0,2,0,0.0
0,0.008166213,48,0,0.336266373,10000.0,6,0,1,0,0.0
0,0.206079392,71,1,0.346367474,4500.0,6,0,2,0,1.0
0,0.649357763,58,0,0.651236962,11600.0,16,0,4,0,1.0
0,0.384608477,58,0,0.235127479,6000.0,9,0,0,0,5.0
0,0.030132005,36,0,0.575217886,7916.0,7,0,2,0,0.0
0,0.125239858,55,0,0.337732454,5000.0,13,0,1,0,0.0
0,0.589341066,48,1,0.230874007,4404.0,3,0,1,0,2.0
0,0.312384381,67,1,0.123747723,8783.0,5,0,0,1,0.0
0,0.081216446,47,0,0.33552015,3200.0,8,0,1,0,0.0
0,0.015588614,53,0,0.00579884,5000.0,8,0,0,0,0.0
1,0.957967745,52,2,0.379329846,14145.0,20,1,2,0,3.0
0,0.050574245,74,0,0.013998667,10500.0,17,0,1,0,0.0
0,0.037646173,45,0,0.233418509,9000.0,8,0,0,0,4.0
0,0.02552047,71,0,0.377905524,4000.0,10,0,1,0,0.0
0,0.57079093,25,1,0.09781703,6000.0,6,0,0,0,1.0
0,0.767169982,47,0,0.317329638,12267.0,10,0,1,0,3.0
0,0.779220779,41,1,0.370124481,3614.0,10,0,1,0,3.0
0,0.109295583,41,0,0.281120145,11069.0,6,0,2,0,0.0
0,0.198072915,55,1,0.829282172,12300.0,9,0,3,0,3.0
0,0.016609606,63,0,1931.0,,10,0,2,0,
1,0.860840581,43,4,0.37139368,6550.0,10,1,0,4,0.0
0,0.223309377,41,0,0.411704161,6800.0,11,0,2,0,2.0
0,1.51e-05,52,1,3895.0,,21,0,3,0,3.0
0,0.106826571,61,0,0.242064551,7497.0,6,0,1,0,0.0
0,0.916925633,34,0,0.355819224,7500.0,6,0,1,0,4.0
0,0.9999999,52,0,0.0,2500.0,0,0,0,0,0.0
0,0.004047426,38,0,0.282179455,4000.0,2,0,1,0,0.0
0,0.9999999,47,0,1156.0,,3,1,0,1,0.0
0,0.324630469,60,1,0.7992969,3128.0,6,0,2,0,1.0
0,0.017059055,46,0,0.091151475,6000.0,9,0,0,0,0.0
0,0.146540293,39,0,0.358528294,5000.0,11,0,2,0,3.0
0,0.051615923,52,0,72.0,,4,0,0,0,0.0
0,0.294072158,70,0,0.80131799,10166.0,10,0,2,0,0.0
0,0.013268444,41,0,2667.0,,8,0,2,0,0.0
0,0.865876958,45,0,0.263759086,3851.0,10,0,0,2,3.0
0,0.0,32,0,0.270702663,11000.0,5,0,1,0,0.0
0,0.001923849,74,0,2.0,,3,0,0,0,0.0
0,0.123325859,63,0,0.52131726,3400.0,8,0,1,0,0.0
0,0.0,59,0,0.133923788,28000.0,11,0,2,0,2.0
0,0.015746829,74,0,0.117024405,3400.0,10,0,0,0,0.0
0,0.063204023,33,0,0.267211569,6361.0,6,0,1,0,1.0
0,0.077624668,49,0,1433.0,,5,0,1,0,2.0
0,0.098651417,46,0,2638.0,,9,0,1,0,0.0
0,0.031071575,55,0,0.464768956,7833.0,10,0,2,0,0.0
0,0.084376797,45,0,0.20340176,8524.0,5,0,1,0,2.0
0,0.017487127,71,0,1552.0,,3,0,1,0,0.0
0,0.17530085,57,0,856.0,,7,0,0,0,0.0
0,0.706133836,47,1,2943.0,,10,0,1,0,0.0
0,0.377394146,50,0,3886.0,,8,0,1,0,1.0
0,0.09339013,51,0,0.176280903,2790.0,5,0,0,1,1.0
0,0.780468451,55,0,0.22891302,9116.0,15,0,0,0,0.0
0,0.038081747,30,0,3672.0,,7,0,2,0,0.0
0,0.50089994,43,0,0.366799601,10029.0,9,0,2,0,3.0
0,0.000298499,68,0,60.0,,7,0,0,0,
0,0.009999,63,0,2274.0,0.0,12,0,2,0,0.0
0,0.798650169,43,3,1.100030221,3308.0,7,0,1,0,1.0
0,0.034198577,68,0,0.476154428,5283.0,10,0,2,0,0.0
0,0.002548479,48,0,0.290674319,3484.0,19,0,2,0,0.0
0,0.011228206,77,0,0.264805224,8881.0,6,0,2,0,0.0
0,0.062037518,36,0,2399.0,,9,0,1,0,0.0
0,0.205106585,64,0,1.576263925,4667.0,24,0,1,0,0.0
0,0.702286105,54,0,3173.0,,8,0,1,0,0.0
0,0.001799246,61,1,0.394905975,4200.0,7,0,1,0,0.0
0,0.016207658,64,0,0.320419895,4000.0,5,0,1,0,0.0
0,0.058843891,78,0,0.383226881,3600.0,8,0,1,0,0.0
0,0.970140845,44,0,0.643106457,3437.0,5,0,1,0,3.0
0,0.166135478,38,0,0.490431305,3500.0,10,0,1,0,0.0
0,0.9999999,41,0,295.0,,1,0,0,0,0.0
0,0.018630925,49,1,2088.0,,7,0,1,0,0.0
0,0.111202433,47,0,0.341433318,10534.0,6,0,1,0,3.0
0,0.9999999,45,0,0.432211696,3060.0,1,0,1,0,0.0
0,0.0,66,0,0.0,1.0,18,0,0,1,0.0
0,0.0,43,0,0.559592379,2256.0,5,1,0,0,2.0
0,0.161586608,36,0,0.274058075,12500.0,4,0,1,0,1.0
0,0.183030988,47,0,0.394101254,12917.0,7,0,2,0,1.0
0,0.9999999,39,0,0.0,2743.0,1,0,0,0,2.0
0,0.035721468,56,0,0.233259569,12200.0,14,0,1,0,1.0
0,0.825745073,53,1,334.0,,1,1,0,1,0.0
0,0.005060324,68,0,3265.0,,14,0,1,0,0.0
0,0.057730768,39,0,804.0,,6,0,1,0,
1,0.991002999,23,0,0.204530313,1500.0,2,0,0,0,0.0
0,0.808473121,51,0,0.250475414,7361.0,9,0,0,0,2.0
0,0.007896378,52,1,456.0,,16,0,1,0,
0,0.031994183,28,0,0.110317656,4060.0,2,0,0,0,0.0
0,0.073371982,47,0,2198.0,,8,0,1,0,0.0
0,0.089487662,65,0,0.286345838,15833.0,16,0,2,0,0.0
0,0.058066111,39,0,3421.0,,6,0,1,0,0.0
0,0.536546345,51,0,0.083346665,6250.0,2,0,0,0,0.0
0,0.081902905,52,0,0.024457776,4333.0,8,0,0,0,0.0
0,0.0779961,65,0,0.226310948,25000.0,7,0,2,0,0.0
0,0.092706991,51,0,0.01487881,4166.0,4,0,0,0,0.0
0,0.35844005,74,1,0.472763618,8003.0,10,0,2,0,1.0
0,0.269170677,41,1,0.549661646,4580.0,14,0,1,0,0.0
0,0.427797443,57,0,1.697266422,2450.0,20,0,3,0,0.0
0,0.119772279,37,0,0.256813986,9208.0,5,0,1,0,0.0
0,0.05106165,67,0,1073.0,,13,0,1,0,0.0
0,0.001156599,57,0,0.092261479,6990.0,4,0,2,0,0.0
0,0.999933555,41,0,2704.0,,4,0,2,0,0.0
0,0.005020202,66,0,0.067243511,4044.0,14,0,0,0,1.0
0,0.871935391,51,0,0.37860781,8834.0,14,0,2,0,0.0
0,0.433850167,46,0,0.406395892,4283.0,3,0,1,0,0.0
0,0.009357173,40,0,0.547626474,16030.0,19,0,6,0,1.0
0,0.34957523,55,0,0.670257199,9097.0,22,0,3,0,2.0
1,0.785474048,34,4,1798.0,,6,1,0,4,1.0
0,0.836594772,28,0,263.0,1.0,5,0,0,0,1.0
0,9.01e-05,51,1,0.622430472,3307.0,10,0,1,0,1.0
0,0.51007955,49,0,0.069704328,7000.0,7,0,0,0,0.0
0,0.835388204,56,0,0.016796641,5000.0,3,0,0,0,1.0
0,0.099889012,47,0,0.056471764,2000.0,3,0,0,0,3.0
0,0.0,32,2,0.0,3700.0,5,1,0,0,1.0
0,0.050766651,55,0,74.0,,5,0,0,0,
0,0.603311567,61,0,0.361983471,4234.0,14,0,1,0,0.0
1,0.0,40,5,1600.0,,6,1,1,1,0.0
0,0.9999999,44,0,0.099923136,1300.0,0,0,0,0,0.0
0,0.025862288,62,0,0.005086827,5700.0,6,0,0,0,1.0
0,0.157477454,70,0,0.337396438,10500.0,30,0,1,0,0.0
0,0.107725632,30,0,22.0,,4,0,0,0,0.0
0,0.139295524,51,0,3.50249584,600.0,14,0,1,0,3.0
0,0.095589052,53,0,0.246769081,4100.0,6,0,2,0,3.0
0,0.033684619,78,0,46.0,,8,0,0,0,0.0
0,0.020432568,57,0,7778.0,,12,0,5,0,0.0
0,0.9999999,62,0,0.136775218,6294.0,12,0,1,0,0.0
0,0.140379651,64,0,1730.0,,14,0,0,0,1.0
0,0.168726453,42,0,0.394934178,6000.0,8,0,1,0,1.0
0,0.040276303,44,0,0.328238823,7000.0,5,0,1,0,1.0
0,0.069276142,64,0,0.32071232,17800.0,18,0,6,0,0.0
0,0.030723037,37,0,0.513137558,5175.0,10,0,2,0,0.0
0,0.030024744,64,0,0.554978009,2500.0,11,0,1,0,0.0
0,0.232875173,32,0,0.599880024,3333.0,8,0,1,0,0.0
0,0.000199996,54,0,0.179688616,7000.0,6,0,1,0,2.0
0,0.017224569,87,0,0.001904581,10500.0,7,0,0,0,0.0
1,0.115414737,50,2,0.758413862,3000.0,17,0,0,0,0.0
0,0.119336311,31,0,0.090988626,8000.0,6,0,0,0,0.0
0,0.001173173,65,0,41.0,,8,0,0,0,0.0
0,0.010956481,70,0,0.268609865,2229.0,9,0,1,0,0.0
0,0.961038961,33,0,1486.0,,8,0,0,0,0.0
0,0.026449339,46,0,1418.0,,6,0,1,0,1.0
1,0.506986028,42,1,0.2790491,4500.0,7,0,1,0,2.0
0,0.049966545,49,0,0.117757971,11667.0,9,0,2,0,1.0
0,0.0,89,0,0.0,,8,0,0,0,0.0
0,0.090687967,49,0,0.01623199,5482.0,4,0,0,0,0.0
0,0.008012131,50,1,0.628914252,6833.0,11,0,2,0,2.0
0,0.024746119,56,0,0.458837907,9000.0,12,0,3,0,0.0
0,0.072277109,34,0,0.025911708,2083.0,2,0,0,0,0.0
0,0.011585083,52,0,0.139684814,5583.0,8,0,1,0,0.0
0,0.0,53,0,0.31227509,2500.0,7,0,0,0,0.0
0,0.066046577,71,0,0.252388721,4290.0,15,0,1,0,0.0
0,0.608371836,33,0,0.131317623,6746.0,11,0,0,0,1.0
0,0.051245499,48,1,0.522550544,4500.0,15,0,1,0,3.0
0,0.102697249,45,0,1433.0,,12,0,2,0,0.0
1,0.77952215,60,1,0.497838172,6475.0,11,1,4,1,0.0
0,0.830033993,43,0,0.14735291,9500.0,5,0,0,0,0.0
0,0.914126417,54,0,2141.0,,6,0,1,0,2.0
0,0.038024666,68,0,44.0,,2,0,0,0,0.0
1,0.9999999,38,0,0.0,4791.0,0,0,0,0,1.0
0,0.824750624,48,2,0.211724138,10149.0,8,0,0,0,3.0
0,0.527702089,37,0,0.188801866,6000.0,9,0,0,0,1.0
0,0.105126325,27,0,0.170699804,1528.0,4,0,0,0,0.0
0,0.70863853,64,1,0.358638743,1527.0,8,2,0,0,0.0
0,0.504922471,25,0,0.064374543,4100.0,8,0,0,0,0.0
0,4212.0,35,0,0.557392809,5200.0,6,0,2,0,1.0
0,0.543902966,37,0,0.825834833,5000.0,11,0,1,0,0.0
0,0.534638026,63,0,0.60100349,4583.0,7,0,1,0,1.0
1,0.9999999,39,0,0.0,,0,0,0,0,0.0
0,0.016831194,70,0,2188.0,,12,0,2,0,3.0
0,0.571989505,35,0,0.224962506,6000.0,5,0,0,0,1.0
0,0.110599078,23,0,0.125860374,3050.0,3,0,0,0,0.0
0,0.021301485,82,0,0.008997751,4000.0,12,0,0,0,0.0
0,0.20510498,73,0,492.0,,9,0,0,0,0.0
0,0.122837492,52,0,0.595780795,4123.0,9,0,1,0,0.0
0,0.350188783,54,0,0.493688289,8000.0,18,0,1,0,2.0
0,0.9999999,60,0,2239.0,,2,0,1,0,0.0
0,0.045949657,33,0,0.089964014,2500.0,6,0,0,0,0.0
0,0.023960617,49,0,0.329207332,4200.0,6,0,2,0,2.0
0,0.087591241,43,0,0.684672519,5923.0,8,0,2,0,2.0
0,0.342069021,45,0,0.251994158,8900.0,14,0,1,0,4.0
0,0.283178477,70,1,0.328223925,3000.0,8,0,0,0,0.0
0,0.016828466,76,0,0.006248438,4000.0,4,0,0,0,0.0
0,0.02739726,55,1,2532.0,,13,0,2,0,2.0
0,0.332637063,43,0,0.151061024,8340.0,9,0,0,0,0.0
0,0.082930734,68,0,0.488336868,3300.0,11,0,1,0,0.0
0,0.301585491,53,1,0.801351859,2662.0,15,0,2,1,1.0
0,0.238278248,29,1,0.054877231,7452.0,5,0,0,0,0.0
0,0.813424203,57,0,3100.0,,9,0,1,0,0.0
0,0.187448084,83,0,1754.0,,18,0,1,0,0.0
0,0.3362931,47,0,0.375689826,7066.0,11,0,2,0,3.0
0,0.44728509,42,0,0.551964659,4300.0,12,0,1,0,2.0
0,0.001709282,72,0,0.64686529,5470.0,12,0,2,0,2.0
0,0.347314601,51,0,0.066011818,38583.0,6,0,1,0,0.0
0,0.400666543,33,0,0.098229832,6891.0,7,0,0,0,0.0
0,0.00938569,59,0,8.0,,8,0,0,0,0.0
0,0.182580804,46,0,2181.0,0.0,8,0,0,0,0.0
0,0.011554723,62,0,75.0,,9,0,0,0,0.0
0,0.018146837,58,0,2122.0,,6,0,2,0,0.0
0,0.034915913,66,0,840.0,,3,0,0,0,0.0
0,0.002141233,65,0,2523.0,,10,0,2,0,0.0
0,0.085366418,32,0,0.0869619,8083.0,6,0,0,0,0.0
1,0.57753097,53,1,0.887293765,4666.0,30,5,1,0,1.0
0,0.107683789,60,0,0.435477658,5191.0,6,0,1,0,0.0
0,0.336388849,65,0,0.220998478,13800.0,13,1,0,0,1.0
0,0.429767204,47,0,0.344272904,10816.0,13,0,2,0,0.0
0,0.042151143,59,0,0.578722837,7500.0,9,0,2,0,1.0
0,0.013955999,75,0,0.233981281,4166.0,10,0,1,0,0.0
0,0.266084319,47,2,0.597281596,9122.0,13,0,2,0,1.0
0,0.058894111,77,0,0.005097451,3334.0,3,0,0,0,0.0
0,0.005373784,87,0,2.0,,5,0,0,0,
0,0.397037235,46,0,0.31249209,7900.0,22,0,1,0,3.0
0,0.0,44,0,1703.0,,6,0,2,0,0.0
0,0.9999999,38,0,0.146034099,4046.0,1,0,0,0,2.0
0,0.089991744,57,1,1350.0,,9,0,1,0,0.0
0,0.05668835,49,0,0.279897608,12500.0,17,0,1,0,1.0
0,0.9999999,78,0,916.0,,1,0,1,0,0.0
0,0.9999999,56,0,0.154897797,7533.0,3,0,1,0,1.0
0,957.0,79,0,0.00430703,6500.0,3,0,0,0,0.0
0,0.030881218,51,0,0.650939624,2500.0,9,0,1,0,0.0
0,0.752541243,52,1,0.081455806,7500.0,2,0,0,0,0.0
0,0.085786464,49,0,0.545690862,5000.0,11,0,1,0,2.0
0,0.86115993,51,4,2137.0,,17,0,1,0,1.0
0,0.027354454,74,0,0.029721697,3700.0,6,0,0,1,1.0
0,0.0,40,0,0.383074702,5541.0,10,0,1,0,1.0
0,0.149845318,59,0,0.250125733,5964.0,11,0,1,0,0.0
0,0.0,39,0,0.412698413,8000.0,7,0,1,0,2.0
0,0.122403682,69,0,0.298283619,6000.0,12,0,2,0,0.0
0,0.921832134,50,3,1685.0,,19,0,1,1,0.0
0,0.000656515,67,0,0.001849797,8108.0,8,0,0,0,0.0
0,0.009256729,71,1,0.095436767,7669.0,13,0,1,0,0.0
0,0.641190554,47,0,0.501248959,1200.0,5,0,1,0,2.0
0,0.128564082,63,0,522.0,,4,0,0,0,0.0
0,0.394379259,47,0,0.842421011,7500.0,11,0,3,0,0.0
0,0.0,30,0,0.541273922,3500.0,5,0,2,0,2.0
0,0.553194813,28,0,0.203246295,4250.0,3,0,0,0,1.0
0,0.019196,47,0,0.277169188,5750.0,11,0,1,0,0.0
0,0.571285743,54,0,0.904849192,6000.0,11,0,2,0,0.0
0,0.859771218,29,0,0.286812764,2600.0,4,0,0,0,2.0
0,0.117379639,51,0,0.441136518,8833.0,14,0,2,0,4.0
0,0.071383395,68,0,0.05615942,2207.0,5,0,0,0,0.0
0,0.709657259,44,0,0.414859252,6500.0,6,0,2,0,0.0
0,0.015296651,57,0,2957.0,,6,0,2,0,1.0
0,0.9999999,45,0,0.20607243,8200.0,3,0,1,0,0.0
0,0.622507919,66,0,0.168063872,2504.0,6,0,0,0,0.0
0,0.0,57,0,4704.0,,7,0,2,0,0.0
0,0.639882535,34,0,2413.0,,6,0,2,0,
0,0.065112533,45,0,1424.0,,12,0,1,0,0.0
0,0.180273242,26,0,0.005767013,2600.0,4,0,0,0,0.0
0,0.057263326,58,0,2627.0,,7,0,1,0,0.0
0,0.0,44,0,0.133580705,9701.0,11,0,1,0,2.0
0,0.023812351,69,1,0.353939825,22500.0,18,0,4,0,0.0
0,0.02859714,67,0,1971.0,,3,0,1,0,1.0
0,0.9999999,28,0,0.344852412,4166.0,7,0,1,0,1.0
0,0.074514939,38,0,2633.0,,4,0,1,0,0.0
0,0.030788426,57,0,0.077574645,14166.0,5,0,1,0,1.0
1,0.217901289,62,0,0.129671432,3986.0,9,0,0,0,0.0
0,0.125391387,54,0,0.276909797,11584.0,10,0,2,0,0.0
0,0.021300568,61,0,0.850198242,5800.0,11,0,3,0,1.0
0,0.542595752,60,0,4723.0,,26,0,1,0,
0,0.9999999,54,0,0.0,,1,0,0,0,0.0
0,0.062315817,60,0,0.275265435,5085.0,11,0,2,0,1.0
1,0.0,55,0,0.810277957,3093.0,9,0,2,0,0.0
1,1.623069936,52,4,0.012355979,69520.0,17,1,0,2,1.0
0,0.179209674,75,0,0.179666085,4012.0,8,0,0,0,0.0
0,0.95646403,44,2,4030.0,,7,0,1,2,0.0
0,0.986343072,42,0,0.255304966,9000.0,8,0,1,0,2.0
0,0.109527945,47,0,4670.0,,5,0,1,0,0.0
0,0.174594317,39,0,0.270698344,8333.0,9,0,2,0,2.0
0,0.04799616,33,0,675.0,,2,0,1,0,0.0
0,0.204522811,66,0,2186.0,,10,0,1,0,0.0
0,0.17445034,62,0,0.392407218,5873.0,11,0,1,0,0.0
0,0.0,64,0,0.105957617,2500.0,4,1,0,0,0.0
0,0.9999999,32,0,0.105964678,3000.0,2,2,0,0,1.0
0,0.349777201,48,0,0.236768802,9333.0,10,0,2,0,2.0
0,0.859851212,39,0,0.265340275,5377.0,11,0,1,0,1.0
0,0.064882845,66,0,0.336486215,4968.0,8,0,2,0,0.0
0,0.027702526,60,0,0.272576742,7850.0,8,0,2,0,1.0
0,0.903727571,30,0,5993.0,,6,1,4,0,0.0
0,0.0,65,0,0.209804594,5833.0,5,0,1,0,1.0
0,0.0,60,0,0.25844569,6600.0,8,0,1,0,1.0
0,0.041193578,81,0,0.009128386,3395.0,4,0,0,0,0.0
0,0.862081977,56,0,0.265343793,6500.0,8,0,2,0,0.0
0,0.006375112,61,0,0.236453202,7916.0,11,0,2,0,7.0
0,0.563742888,41,0,0.31318395,1918.0,3,0,0,0,0.0
0,0.020326776,25,0,0.102463406,2800.0,6,0,0,0,0.0
0,0.9999999,28,0,0.104210774,4250.0,2,0,0,0,2.0
0,0.010226808,49,0,3516.0,,11,0,2,0,3.0
0,0.018581214,38,0,0.000461467,13001.0,3,0,0,0,0.0
0,0.248875112,38,0,0.028994201,5000.0,3,0,0,0,0.0
0,0.017799676,46,0,0.394857485,5016.0,10,0,1,0,1.0
0,0.08493347,46,1,0.596714579,4869.0,18,0,1,0,3.0
0,0.0,53,0,0.416188183,5398.0,13,0,2,0,1.0
0,0.758040063,44,0,0.427347311,5484.0,13,0,3,0,2.0
0,0.01186467,57,0,0.087914485,4583.0,7,0,0,0,0.0
0,0.443944541,65,1,0.662545192,13829.0,19,0,3,0,1.0
0,0.0,33,2,636.0,,3,3,0,0,0.0
0,0.023976576,36,0,0.678490809,3100.0,4,0,1,0,1.0
0,0.02359882,51,0,0.001999714,7000.0,1,0,0,0,4.0
0,0.028892388,58,0,0.444281882,4100.0,6,0,2,0,0.0
0,0.181075789,35,1,0.075969612,2500.0,7,0,0,0,0.0
0,0.173536529,67,0,0.336394245,9800.0,8,0,2,0,0.0
0,0.859776396,51,0,0.220682235,15800.0,12,0,0,0,0.0
0,0.031669031,49,0,1.188663746,3651.0,10,0,3,0,0.0
0,0.165766847,27,0,1.11994669,2250.0,2,0,1,0,0.0
1,0.023998546,62,0,0.429378531,2300.0,8,0,1,0,0.0
0,0.626209978,31,0,0.253208463,2882.0,10,0,0,0,1.0
0,0.073489223,48,0,0.95201371,2333.0,20,0,1,0,0.0
0,0.714520445,57,0,0.388940956,3200.0,10,0,2,0,1.0
0,0.041330274,82,0,70.0,,12,0,0,0,
0,0.056105171,76,0,0.888707705,2452.0,13,0,2,0,0.0
0,0.737271254,57,0,0.53921181,7586.0,19,0,3,0,1.0
0,0.0,60,0,0.082439796,5688.0,12,0,1,0,0.0
0,0.969870684,66,1,0.986267551,6480.0,10,0,2,0,0.0
0,0.059976854,59,0,1226.0,,8,0,1,0,0.0
0,0.348318859,60,0,1.131094756,2173.0,10,0,2,0,0.0
0,0.004316443,58,0,0.021662655,5400.0,6,0,0,0,0.0
0,0.9999999,67,0,13.0,,0,0,0,0,0.0
1,1.023995201,29,0,0.225861095,1770.0,2,0,0,0,1.0
0,0.05859707,56,0,1.695260948,5000.0,11,0,3,0,2.0
0,0.0,50,0,0.35880829,4631.0,5,0,1,0,1.0
0,0.259346128,42,0,3320.0,,9,0,2,0,2.0
0,0.009168778,52,0,1482.0,,9,0,1,0,0.0
0,0.020481797,83,0,0.007451836,5501.0,7,0,0,0,0.0
0,0.009057006,69,0,6.0,,4,0,0,0,0.0
0,0.475454545,40,3,2648.0,,5,1,1,0,2.0
0,0.310886391,59,0,0.375789284,5542.0,9,0,1,0,0.0
0,0.383002073,54,0,0.07700486,6583.0,7,0,0,0,0.0
0,0.155958071,43,0,0.293288934,3903.0,20,0,2,0,1.0
0,0.010151583,65,0,87.0,,7,0,0,0,0.0
0,0.50329934,55,0,0.454057468,3166.0,5,0,2,0,0.0
0,0.914373762,55,0,0.672744336,7458.0,19,0,2,0,0.0
0,0.000101,47,0,0.104779044,5000.0,5,0,0,0,1.0
0,0.453059825,47,0,0.173019173,4328.0,7,0,0,0,1.0
0,0.128557943,37,1,0.425143453,3833.0,13,0,1,0,0.0
0,0.093756056,75,0,72.0,,3,0,0,0,0.0
0,0.241915975,52,1,0.131558852,18333.0,8,0,1,0,4.0
0,0.002946357,68,0,0.281227695,1400.0,12,0,1,0,0.0
0,0.048347226,62,0,0.297325255,6766.0,12,0,2,0,0.0
0,0.008555732,49,0,0.001942125,15446.0,13,0,0,0,3.0
0,0.117586084,37,0,0.263461827,13333.0,11,0,2,0,2.0
1,0.415524099,43,1,1.825489379,2400.0,11,0,2,0,3.0
0,0.792340898,40,0,0.504346761,8166.0,13,0,0,0,0.0
0,0.581379421,54,0,0.445100467,10500.0,8,0,2,0,2.0
1,0.371099105,46,2,3989.0,,7,0,2,0,0.0
0,0.186873125,56,0,5393.0,,6,0,1,0,3.0
0,0.002473972,35,0,2769.0,,2,0,1,0,1.0
0,0.5249501,29,0,0.080153588,4166.0,3,0,0,0,0.0
1,0.820276623,42,0,0.691323471,2500.0,5,0,0,0,0.0
0,0.002626541,66,0,0.001711596,2336.0,4,0,0,0,0.0
0,0.9999999,33,2,0.365281777,2430.0,3,2,0,1,1.0
0,0.310968191,54,0,2596.0,,9,0,1,0,0.0
0,0.031794268,50,0,1044.0,,8,0,1,0,0.0
0,0.056956282,62,0,0.311984401,6666.0,8,0,1,0,0.0
0,0.390912051,53,0,0.241775822,10000.0,9,0,1,0,2.0
0,0.020730559,72,0,0.135574639,5472.0,10,0,1,0,0.0
0,0.000354471,79,0,0.0,1267.0,4,0,0,0,1.0
0,0.065493683,39,0,0.621751299,2500.0,4,0,1,0,2.0
0,0.025031752,51,0,0.130561555,9259.0,8,0,1,0,2.0
0,0.0,46,0,1010.0,,7,0,1,0,0.0
0,0.057486291,62,0,2112.0,,8,0,1,0,0.0
0,0.146754916,75,0,0.21881103,12800.0,7,0,1,0,0.0
0,0.007702633,49,0,0.437520826,3000.0,11,0,1,0,0.0
0,0.471543923,33,0,0.41716659,6500.0,11,0,1,0,0.0
0,0.012456726,64,0,0.322117893,3833.0,13,0,1,0,0.0
0,0.196423421,47,1,0.401411557,6800.0,9,0,1,0,0.0
0,0.0,47,0,0.508913555,2972.0,3,0,1,0,0.0
0,0.158857768,39,0,0.401558594,6800.0,8,0,1,0,2.0
0,0.001323481,50,0,0.195737964,3800.0,6,0,0,0,1.0
0,0.721364583,37,0,0.250672818,2600.0,7,0,0,0,3.0
0,0.006164767,70,0,0.186451476,4708.0,11,0,3,0,0.0
0,0.25258401,47,0,0.327752976,2687.0,7,0,0,0,2.0
0,0.125645726,51,0,0.283097419,1200.0,3,0,0,0,0.0
1,0.541352643,63,1,4206.0,,7,0,1,1,0.0
0,0.001805183,62,0,236.0,,4,0,1,0,
0,0.998061323,41,0,0.33431361,8500.0,9,0,1,0,1.0
0,0.9999999,22,98,0.0,201.0,0,98,0,98,0.0
0,0.001111062,28,0,0.162761637,3200.0,6,0,0,0,0.0
0,0.297593704,28,0,0.140053524,5604.0,5,0,0,0,0.0
0,0.31253571,24,0,0.027242525,3009.0,4,0,0,0,0.0
0,0.140158374,67,0,291.0,,6,0,0,0,0.0
0,0.396000116,43,0,2979.0,,9,0,2,0,4.0
0,0.246042779,70,0,0.318729785,3400.0,7,0,0,0,0.0
0,0.122500061,42,0,0.506412605,2728.0,7,0,1,0,1.0
0,0.090696175,89,0,0.037674482,7378.0,10,0,0,1,0.0
0,0.9999999,42,1,500.0,0.0,0,0,0,0,3.0
0,1.023133544,42,0,0.136649685,6673.0,4,2,0,2,2.0
0,0.690629411,50,0,0.664094019,5700.0,19,0,2,0,0.0
0,0.158117342,56,0,1.235050196,4581.0,22,0,2,0,2.0
0,0.575167607,33,0,0.419950594,8500.0,16,0,2,0,0.0
0,0.0,42,0,6750.0,,7,0,3,0,0.0
0,0.094273689,43,0,3349.0,,16,0,1,0,3.0
0,0.019950125,54,1,3622.0,,7,0,1,0,0.0
0,0.639272146,37,0,1.036654449,3000.0,3,0,1,0,0.0
0,0.056407389,64,0,0.368246052,4811.0,10,0,2,1,0.0
0,0.9999999,41,0,0.260601915,11695.0,5,0,2,0,1.0
1,0.9999999,25,0,0.0,6550.0,0,0,0,0,0.0
0,0.030802321,51,0,0.751294548,6565.0,11,0,2,0,0.0
1,0.05879825,64,0,0.155652509,15585.0,23,0,3,0,1.0
0,0.070450794,41,0,0.082862698,10800.0,5,0,0,0,0.0
0,0.038602317,50,2,2598.0,,11,0,1,0,3.0
0,0.14171439,49,0,0.378405151,6056.0,5,0,1,0,0.0
0,0.249293509,52,0,0.287714988,16279.0,5,0,1,0,3.0
0,0.092417287,70,1,2.466476462,700.0,14,0,1,0,0.0
0,0.28345248,53,0,902.0,,6,0,0,0,0.0
0,0.0,52,0,0.246175382,10000.0,7,0,1,0,2.0
0,0.404649235,63,0,0.251187203,4000.0,5,0,1,0,0.0
0,0.738946093,38,1,0.098696978,3606.0,6,3,0,1,1.0
0,0.093653238,43,1,0.897401732,1500.0,7,0,1,0,0.0
0,0.043832522,70,0,72.0,,9,0,0,0,0.0
0,0.277499513,76,0,0.388303591,4650.0,7,0,2,0,2.0
0,0.0,63,2,310.0,0.0,7,0,0,0,0.0
0,0.143445481,36,0,0.13484516,4100.0,11,0,0,0,0.0
0,0.892509953,35,1,0.180995475,6850.0,6,0,0,0,2.0
0,0.0,32,0,2262.0,,5,0,1,0,
0,0.213125862,35,0,0.515479876,5167.0,11,0,2,0,1.0
0,0.016703138,61,0,0.002529156,7116.0,5,0,0,0,0.0
0,0.929375855,51,0,0.361541649,12064.0,10,0,2,0,0.0
0,0.359336001,57,0,0.771317829,2579.0,14,0,1,0,1.0
1,0.169117761,49,0,0.457377259,7800.0,12,0,2,0,2.0
0,0.10045877,35,0,0.069554277,5563.0,4,0,0,0,0.0
0,0.9999999,45,0,3534.0,0.0,6,0,2,0,2.0
0,0.035306787,42,0,1225.0,,4,0,1,0,0.0
0,0.996677741,21,1,0.005997001,2000.0,2,0,0,0,0.0
0,0.155803939,64,0,1274.0,,4,0,1,0,3.0
0,0.0,53,0,0.69516935,1800.0,13,0,1,0,0.0
0,0.9999999,64,2,0.009303539,11500.0,0,0,0,0,1.0
1,0.304269573,42,0,0.583317463,5250.0,7,1,1,0,2.0
0,0.9999999,49,0,0.0,,0,0,0,0,
0,0.486586515,53,0,0.394657906,7000.0,10,0,2,0,1.0
0,0.9999999,36,0,0.006855184,3500.0,0,0,0,0,1.0
0,0.060461263,61,0,0.241101617,16266.0,9,0,2,0,1.0
0,0.030498475,62,0,2813.0,,8,0,1,0,0.0
0,0.9999999,47,2,0.603099225,4000.0,2,0,1,1,1.0
0,0.782652168,30,3,187.0,,5,0,0,0,0.0
0,0.124987583,57,0,0.115903155,14166.0,13,0,1,0,2.0
0,0.0,61,0,1045.0,,6,0,1,0,0.0
0,0.9999999,32,0,0.132716821,4000.0,1,0,0,0,1.0
0,0.249500998,25,0,0.205065541,4500.0,3,0,1,0,0.0
0,0.69539217,52,0,2056.0,,7,0,1,0,0.0
0,0.074175922,35,0,0.31415189,2988.0,8,0,1,0,3.0
0,0.037131843,32,0,0.711457708,5000.0,8,0,2,0,0.0
0,0.010409201,52,0,0.461975835,1406.0,4,0,0,0,2.0
0,0.309002724,57,1,0.420064437,9000.0,15,0,1,0,3.0
0,0.025165783,47,0,841.0,,8,0,1,0,0.0
0,0.038685082,52,0,1036.0,,4,0,1,0,
0,0.019425749,49,0,0.388623486,9000.0,9,0,1,0,3.0
0,0.884905755,66,0,0.710209856,4240.0,9,0,2,0,2.0
0,0.08321083,51,0,0.218402325,9976.0,3,0,1,0,0.0
0,0.982000706,31,0,0.566527524,7665.0,7,0,2,0,0.0
0,0.457671284,47,0,0.306542902,8833.0,19,0,3,0,0.0
0,0.056788642,62,0,523.0,,2,0,1,0,0.0
0,0.064269806,26,0,0.107971208,3750.0,3,0,0,0,0.0
0,0.30414717,34,0,0.13243762,3646.0,5,0,0,0,1.0
0,0.422658511,51,0,0.208388375,9083.0,9,0,2,0,0.0
0,0.05637323,50,1,0.096994781,5556.0,6,1,1,1,2.0
0,0.156628112,41,0,0.643343935,2200.0,7,0,1,0,0.0
0,0.006611661,46,0,0.097236651,4812.0,7,0,1,0,0.0
0,0.009828357,79,0,0.078241431,4025.0,6,0,0,0,0.0
1,0.9999999,32,0,479.0,,1,1,0,0,0.0
0,0.004841596,51,1,30.0,0.0,3,0,0,0,2.0
0,0.016919385,68,0,0.329206742,10500.0,19,0,4,1,0.0
0,0.005416516,74,0,0.004993758,800.0,9,0,0,0,0.0
0,0.0,47,0,0.310595065,6200.0,3,1,1,0,0.0
0,0.9999999,35,0,0.257977701,2600.0,7,0,0,0,0.0
0,0.014606565,80,0,10.0,,4,0,0,0,0.0
0,0.071070404,35,0,1772.0,1.0,12,0,1,0,2.0
0,1.00839832,24,3,534.0,,3,0,0,1,0.0
0,0.682796753,52,2,0.555184876,3596.0,15,0,1,0,0.0
0,0.024101681,40,0,0.780209324,4203.0,7,0,2,0,1.0
0,0.0,63,0,595.0,,5,0,0,0,0.0
0,0.0,64,0,1652.0,,11,0,1,0,0.0
0,0.383952208,35,0,0.498566762,15000.0,18,0,2,0,0.0
0,0.0,75,0,0.026204565,2365.0,15,0,0,0,0.0
0,0.166316881,58,0,0.373771038,6000.0,14,0,1,0,0.0
0,0.9999999,23,1,0.030694669,618.0,0,0,0,0,0.0
0,0.097946645,64,0,0.008064516,11159.0,5,0,0,0,0.0
0,0.025999639,63,0,0.163014225,2600.0,8,0,0,0,0.0
0,0.033978436,57,0,0.008053319,3600.0,3,0,0,0,0.0
0,0.131213537,74,0,0.33252291,5346.0,10,0,1,0,0.0
0,0.024517189,29,0,0.385515728,4100.0,2,0,1,0,2.0
0,0.102222444,58,0,0.16463454,15500.0,5,0,1,0,1.0
0,0.379236395,72,0,0.433122029,12619.0,14,0,3,0,3.0
1,0.9999999,33,2,0.103498971,3400.0,1,2,0,0,1.0
0,0.043243483,65,0,57.0,,7,0,0,0,0.0
0,0.166905596,52,0,0.497073456,6833.0,13,0,2,0,1.0
0,0.9999999,43,0,211.0,,9,0,0,0,2.0
0,0.268842037,61,0,0.518317069,6250.0,20,0,2,0,0.0
0,0.025159241,77,0,0.185226998,12400.0,7,0,2,0,0.0
0,0.000190674,49,0,142.0,,8,0,0,0,0.0
0,0.627163782,40,1,0.123909884,5503.0,3,0,0,0,3.0
0,0.057999009,64,0,0.019629395,83700.0,8,0,2,0,1.0
0,0.048870542,63,0,0.195322196,10474.0,5,0,2,0,1.0
0,0.030942812,47,0,0.573749308,5416.0,8,0,3,1,2.0
0,0.001032815,61,0,0.0,6878.0,2,0,0,0,3.0
0,0.017207616,83,0,12.0,,6,0,0,0,0.0
0,0.594253237,36,0,0.823025282,7000.0,9,0,3,0,1.0
0,0.361859945,47,0,0.171544664,15750.0,10,1,1,0,0.0
1,1.001272496,62,1,0.280813653,5800.0,7,4,0,1,2.0
0,0.702693502,43,0,0.137056457,8200.0,7,0,0,0,1.0
0,0.004599847,83,0,0.00204499,1466.0,2,0,0,0,0.0
0,0.142623607,37,0,0.901290812,2633.0,10,0,3,0,2.0
0,0.89602197,59,0,0.338426924,10666.0,11,0,1,0,1.0
0,0.185572462,46,0,0.211234321,5500.0,7,0,1,0,5.0
0,0.174475699,58,0,0.271937202,10700.0,19,0,1,0,1.0
0,0.048047184,58,0,0.00379962,10000.0,8,0,0,0,2.0
0,0.110241693,52,0,0.018001417,7054.0,5,0,0,0,1.0
0,0.399931711,34,0,0.892295388,3750.0,15,0,2,0,2.0
0,0.05979496,52,0,0.352635486,4040.0,4,0,1,0,0.0
0,0.158448052,47,0,0.418161896,7300.0,17,0,3,0,1.0
1,0.833020638,56,0,0.648425882,39672.0,18,0,8,0,0.0
0,0.507256748,76,0,828.0,,3,0,0,0,0.0
0,0.773175261,27,0,0.390804598,2000.0,7,0,0,0,0.0
0,0.665519354,62,0,0.455227172,6800.0,11,1,1,0,0.0
0,0.303093938,43,0,0.313137373,3333.0,6,0,0,0,2.0
0,0.060150761,59,0,1.155971642,5500.0,18,0,5,0,0.0
0,0.058419244,40,0,0.172585266,18500.0,8,0,1,0,1.0
0,0.08740029,83,0,0.225548902,500.0,10,0,0,0,1.0
0,0.0,84,0,3.0,,9,0,0,0,
0,0.039724939,48,1,1522.0,,10,0,2,0,0.0
0,0.022683697,67,0,1166.0,,3,0,1,0,
0,0.047977743,40,0,0.258479115,5601.0,8,0,2,0,0.0
0,0.356743583,45,0,0.305055698,3500.0,8,0,0,0,2.0
0,0.594823153,63,1,0.498614958,6497.0,6,0,1,0,1.0
1,0.9999999,45,0,0.00509704,5100.0,0,0,0,0,2.0
0,0.200990429,45,0,1559.0,,5,0,1,0,0.0
0,0.013825421,52,0,0.363116966,6300.0,11,0,1,0,0.0
0,0.0,41,0,0.171966402,13333.0,5,0,1,0,1.0
0,0.0,69,0,0.627723971,3303.0,12,0,2,0,0.0
0,0.008767882,28,0,0.073363044,5833.0,5,0,0,0,0.0
0,0.969860535,61,0,0.749376559,2405.0,6,0,2,0,0.0
0,0.85271699,31,0,0.745170877,1345.0,6,0,0,0,0.0
0,0.023950398,45,0,908.5,1.0,12,0,2,0,2.0
0,0.518840375,63,0,0.496315561,6920.0,11,0,1,0,0.0
0,0.0,42,0,5613.0,,21,0,2,0,1.0
0,0.9999999,66,0,193.0,,2,0,1,0,1.0
0,0.439756024,45,0,0.547937868,5600.0,2,0,1,0,2.0
0,0.0,45,0,1125.0,,6,0,1,0,0.0
0,0.272524249,58,0,5078.0,,5,0,2,0,0.0
0,0.129863872,31,0,0.48953452,3200.0,9,0,0,0,0.0
0,0.166799093,51,0,0.14717363,6916.0,9,0,1,0,2.0
0,0.127997608,46,0,0.5719418,5566.0,12,0,1,0,0.0
0,0.108787134,49,0,0.077897343,10500.0,2,0,1,0,0.0
1,0.981517952,54,7,0.506766917,3324.0,10,0,1,0,1.0
0,0.502042508,30,0,0.254387914,4500.0,9,0,0,0,0.0
1,1.025179856,34,0,1.576905728,6650.0,6,5,1,1,0.0
0,0.9574336,43,1,1.287142571,5000.0,8,0,2,0,2.0
0,0.9999999,53,0,710.0,,2,0,0,0,0.0
0,0.080445251,45,2,0.276247614,11000.0,8,0,2,0,1.0
0,0.404587985,52,1,0.606156275,3800.0,13,0,2,0,0.0
0,0.0,70,0,1326.0,,11,0,1,0,0.0
0,0.043457428,69,0,62.0,,3,0,0,0,0.0
0,0.164691765,34,0,0.056977847,11600.0,5,0,0,0,0.0
0,0.105624536,57,0,0.240267195,9580.0,23,0,2,0,0.0
0,0.691237478,39,2,0.289852588,5833.0,16,0,0,0,1.0
1,0.339503567,89,1,0.549380248,2500.0,9,3,0,1,0.0
0,0.183061869,52,1,0.035592881,5000.0,9,0,0,0,0.0
1,0.997667444,50,0,0.266369994,6291.0,9,5,0,2,2.0
0,0.579622156,37,0,0.145620634,5582.0,3,0,0,0,0.0
0,0.206953429,79,0,0.206698325,4000.0,8,0,0,0,0.0
0,0.214938564,58,0,0.326171558,12333.0,13,0,2,0,1.0
0,0.9999999,57,1,0.323735253,5000.0,2,0,2,1,1.0
0,0.144373673,45,0,2384.0,,4,0,1,0,0.0
0,0.251807414,34,0,0.662517853,4900.0,5,0,1,0,0.0
0,0.9999999,44,0,0.0,,4,0,0,0,0.0
0,0.049011809,49,0,1.015912481,4021.0,16,0,2,0,2.0
0,0.094098607,69,0,0.907680807,5350.0,6,0,3,0,0.0
0,0.178903425,52,0,0.069824669,3250.0,8,0,0,0,1.0
0,0.043085083,50,0,0.306766333,10300.0,7,0,1,0,0.0
0,0.027461516,34,0,0.007859235,88430.0,8,0,0,0,0.0
0,0.088516077,52,0,5860.0,,10,0,2,0,2.0
0,0.101959216,42,0,0.801965231,3968.0,7,0,2,0,0.0
0,0.004444332,34,0,1161.0,1.0,10,0,2,0,0.0
0,0.569167476,29,0,0.453109378,5000.0,12,0,1,0,0.0
0,0.403504999,57,0,0.481780616,5323.0,13,0,2,0,0.0
0,0.510094557,30,0,0.653621982,1200.0,7,0,1,0,0.0
0,0.678851298,73,0,0.585406188,14512.0,32,0,2,0,2.0
0,0.020200603,70,0,0.284126206,6116.0,12,0,2,0,1.0
0,0.0,35,0,0.191978961,6083.0,6,0,2,0,0.0
0,0.014906381,53,0,0.209916034,2500.0,3,0,2,0,0.0
0,0.098866918,46,1,1.178056594,3745.0,17,0,2,0,3.0
0,0.354066986,54,0,1.351829634,3333.0,16,0,1,0,1.0
1,0.9999999,42,1,0.165509581,3600.0,2,1,0,2,3.0
0,0.262451679,47,0,0.427285817,8333.0,12,0,2,0,2.0
0,0.010603218,50,0,0.196610883,9500.0,22,0,1,0,4.0
0,0.0,55,0,0.336881473,6951.0,8,0,1,0,1.0
0,0.003036308,67,0,1394.0,,11,0,1,0,1.0
0,0.9999999,33,0,0.155463347,3614.0,4,0,0,0,2.0
0,0.201945633,64,0,0.132680692,4800.0,10,0,0,0,0.0
0,0.009535161,52,1,0.159968006,5000.0,9,0,0,0,1.0
0,0.04985462,73,0,21.0,,5,0,0,0,0.0
0,0.026930249,36,0,0.113325464,14400.0,10,0,1,0,0.0
0,0.105289942,56,0,0.431433469,9333.0,15,0,2,0,1.0
0,0.9999999,24,0,0.0,,0,0,0,0,
0,0.020628866,76,0,16.0,,1,0,0,0,0.0
0,0.377610344,44,0,0.289248626,6547.0,6,1,1,0,1.0
0,0.036121111,49,0,67.0,0.0,12,0,0,1,0.0
0,0.579929805,69,0,0.623853211,2833.0,12,0,0,0,0.0
0,0.000549438,42,0,2840.0,,6,0,2,0,0.0
0,0.270210063,34,0,0.317075654,9820.0,14,0,2,0,1.0
0,0.20901617,36,0,0.381667449,6392.0,12,0,2,0,2.0
0,0.66556817,47,0,0.417305023,19450.0,19,0,3,0,2.0
0,0.119044048,58,0,0.714205186,8869.0,12,0,2,0,2.0
0,0.675578846,28,0,0.524822695,3947.0,10,0,2,0,0.0
0,0.113525765,55,0,0.446164926,2776.0,7,0,1,0,1.0
0,0.9999999,62,0,0.012635379,2215.0,0,0,0,0,0.0
0,0.471434333,77,0,9898.0,,20,0,4,0,0.0
0,0.421604299,32,1,0.181204699,4000.0,6,0,0,0,0.0
0,0.204952044,41,0,0.80442541,1400.0,3,0,1,0,2.0
0,0.399438375,61,0,0.865556217,1680.0,6,0,0,0,0.0
0,0.625460437,61,0,0.349980754,20783.0,8,0,2,0,0.0
0,0.224454098,70,0,1405.0,,9,0,1,0,1.0
0,0.321188307,74,0,0.640387805,7838.0,12,0,1,0,0.0
0,0.0,52,0,0.00139972,5000.0,1,0,0,0,0.0
0,0.657736905,32,0,0.139853395,5183.0,3,0,0,0,2.0
0,0.016826633,57,0,0.165845649,7916.0,11,0,1,0,1.0
0,0.989000917,42,0,4326.0,0.0,5,0,2,0,3.0
0,0.137591735,58,0,0.757498405,4700.0,22,0,2,0,1.0
1,0.0,51,1,0.160167966,5000.0,11,1,1,0,1.0
0,0.694494639,52,3,0.427592117,2333.0,14,0,0,0,2.0
0,0.74784189,30,0,0.382683658,2667.0,7,0,1,0,1.0
0,0.986127969,43,0,0.154498637,3300.0,3,0,0,0,1.0
0,0.095727442,51,0,0.50229954,5000.0,8,0,2,0,1.0
0,0.0,42,0,0.497727961,3300.0,6,0,2,0,0.0
0,0.037037714,51,0,0.101414084,7000.0,7,0,1,0,0.0
0,0.00347431,68,0,0.151773467,10205.0,10,0,1,0,0.0
0,0.115237829,40,1,2.491686461,2946.0,17,0,3,0,0.0
0,0.175788682,40,0,0.400145441,11000.0,9,0,1,0,2.0
0,0.0,45,0,0.366335388,7948.0,4,0,1,0,0.0
0,0.30745701,63,0,0.474822759,5500.0,22,0,1,0,1.0
1,0.9999999,34,0,0.020349875,2800.0,0,0,0,0,4.0
0,0.000207404,58,0,0.090628657,9400.0,5,0,1,0,0.0
0,0.006894555,63,0,7.0,,2,0,0,0,0.0
0,0.549766261,56,0,2673.0,,8,0,1,0,0.0
0,0.046891496,78,0,0.037437005,8333.0,13,0,0,0,0.0
0,0.008722083,43,0,0.500967534,4650.0,6,0,2,0,1.0
1,1.036867172,42,3,0.664399926,5440.0,12,0,2,0,3.0
0,0.0,57,0,0.0,9000.0,3,0,0,0,0.0
0,0.014347318,62,0,0.011046567,10500.0,19,0,0,0,0.0
0,0.0,67,0,35.0,,2,0,0,0,0.0
0,0.023778457,62,0,0.214560983,9600.0,9,0,1,1,0.0
0,0.0,61,0,0.283516653,13000.0,11,0,2,0,1.0
0,0.346302362,67,0,0.125781793,4316.0,6,0,0,0,0.0
0,0.04019836,74,0,0.309335047,14000.0,11,0,2,0,0.0
0,0.9999999,57,0,592.0,,4,3,0,0,0.0
0,0.101953214,48,0,0.664159223,6380.0,13,0,4,0,0.0
0,0.0,57,0,0.000727207,11000.0,9,0,0,0,0.0
0,0.9999999,69,0,0.0,,1,0,0,0,0.0
0,0.848742419,49,1,2577.0,0.0,8,0,0,0,0.0
0,0.027531498,42,0,0.265546891,5000.0,9,0,2,0,0.0
0,0.920958788,47,1,0.224834845,8930.0,6,0,1,0,5.0
0,0.0,73,1,0.0,,2,1,0,0,0.0
0,0.0,59,0,0.281738533,5820.0,7,0,1,0,1.0
0,0.011334133,52,0,0.341731654,5000.0,15,0,1,0,0.0
0,0.0,77,0,0.269857969,1900.0,9,0,0,0,0.0
0,0.938359152,70,0,0.471273604,7466.0,19,0,0,0,0.0
0,0.520958084,26,0,0.228104759,3550.0,4,0,0,0,0.0
1,0.018940492,89,1,0.593009119,3289.0,13,1,1,2,0.0
0,0.008086253,66,0,0.274342836,2700.0,8,0,0,0,0.0
0,0.28911861,73,0,0.620928185,7950.0,21,0,4,0,0.0
0,0.732816796,34,2,0.029763941,2922.0,4,0,0,0,0.0
0,0.10563645,51,0,0.196223621,2700.0,5,0,0,0,1.0
0,0.598952972,32,1,0.09085213,12767.0,11,0,0,0,2.0
0,0.011195522,24,0,0.0,10200.0,2,0,0,0,0.0
0,0.052604142,36,0,0.329241277,10833.0,15,0,4,0,0.0
0,0.081499638,55,0,43.0,,2,0,0,0,0.0
0,0.861046318,34,1,0.056388722,5000.0,5,0,0,0,0.0
0,0.147528416,40,0,0.041237113,3200.0,2,0,0,0,0.0
0,0.173739137,67,0,1488.0,,5,0,1,0,0.0
0,0.157340102,69,0,0.19460881,12167.0,8,0,3,0,0.0
0,0.501653399,47,0,0.389573991,12487.0,13,0,4,0,0.0
0,0.252015977,46,0,0.309625821,3500.0,14,0,0,1,0.0
0,0.25911931,43,0,0.444711095,5416.0,9,0,2,0,2.0
1,0.6922012,47,1,1698.0,,3,1,1,1,3.0
0,0.495512567,53,0,0.902954932,9407.0,28,0,5,0,2.0
0,0.124943804,70,1,1004.0,,11,0,0,0,0.0
1,0.709035617,45,0,0.527155816,8708.0,12,0,3,0,3.0
0,0.514065257,45,0,0.648336494,5800.0,7,0,2,0,1.0
0,0.312036788,51,3,0.442944632,8000.0,29,0,2,0,2.0
0,0.049758852,39,0,0.134183452,6900.0,3,0,0,0,4.0
0,0.0,57,0,0.18612192,10793.0,6,0,1,0,0.0
0,0.039277478,48,0,0.213271303,8167.0,7,0,2,0,2.0
0,0.555292138,49,0,0.498875281,4000.0,6,0,2,0,1.0
0,0.32500861,38,0,0.338227297,9194.0,12,0,1,0,3.0
0,0.569518238,45,0,0.44121881,8335.0,11,0,2,0,3.0
0,0.410417805,39,0,0.396044625,1971.0,6,0,0,0,1.0
0,0.000250341,72,0,1230.0,0.0,6,0,1,0,0.0
0,0.01223068,88,1,0.300155521,1285.0,7,0,0,0,0.0
0,0.053744044,42,0,915.5,1.0,4,0,1,0,3.0
0,0.052727945,61,0,0.14734587,4200.0,7,0,1,0,1.0
0,0.085350431,61,0,3416.0,,10,0,2,0,0.0
0,0.0,43,1,0.402134472,4684.0,10,0,1,0,0.0
0,0.9999999,24,0,60.0,,0,0,0,0,
0,0.9999999,35,0,0.114310646,2291.0,3,0,0,0,0.0
0,0.384245665,59,0,0.844631074,3333.0,9,0,1,0,0.0
0,0.476356933,36,0,0.683967705,1733.0,7,0,0,0,3.0
0,0.094588023,66,0,0.466935625,5700.0,12,0,3,0,0.0
0,0.705428893,55,1,0.640697488,6250.0,10,0,3,0,0.0
0,0.96440356,38,0,0.470323548,4666.0,9,0,1,0,0.0
0,0.9999999,63,0,0.182963929,2300.0,3,0,0,0,0.0
0,0.087274528,63,0,0.233371126,5291.0,5,0,1,0,0.0
0,0.202674833,40,0,0.452727668,4600.0,8,0,2,0,3.0
0,0.112401379,51,0,0.14213198,6500.0,10,0,0,0,0.0
0,0.086426102,48,0,0.204737404,10300.0,7,0,1,0,0.0
0,0.846574881,45,0,0.158640227,6000.0,5,0,0,0,2.0
0,0.036761211,57,0,0.202425736,15417.0,22,0,2,0,0.0
0,0.005907389,34,0,0.473253787,7458.0,5,0,2,0,0.0
0,0.002903132,30,0,1.911668484,916.0,7,0,1,0,0.0
0,0.090537495,42,0,0.42581314,7716.0,19,0,3,0,2.0
0,0.174728159,33,1,0.375939065,9583.0,13,0,2,0,2.0
0,0.056239997,51,1,0.159685468,13225.0,11,0,1,0,3.0
0,0.229680529,29,0,0.686514108,4500.0,8,0,1,0,1.0
0,0.184932166,50,1,0.065213908,6240.0,9,0,0,0,3.0
0,0.248258741,32,0,0.274378253,8644.0,6,0,1,0,0.0
0,0.011760843,77,0,0.014364641,5429.0,7,0,0,0,0.0
0,0.059460829,63,0,0.404711465,11800.0,11,0,4,0,1.0
0,0.076442018,65,0,0.228133263,9454.0,11,0,1,0,0.0
0,0.991334778,30,0,0.092530876,5100.0,6,0,0,0,0.0
1,1.010309278,46,5,2370.0,,6,0,1,0,0.0
0,0.854145854,24,0,33.0,0.0,4,0,0,0,0.0
0,0.90542471,41,2,0.453899028,4218.0,11,2,0,1,1.0
0,0.9999999,30,1,0.143010177,5600.0,2,0,0,0,2.0
0,0.047600659,41,0,0.19730045,6000.0,6,0,1,0,4.0
0,0.156721421,46,0,0.135181976,7500.0,17,0,0,0,1.0
0,0.112044398,42,0,0.274800812,6400.0,5,0,2,0,0.0
0,0.019338009,50,0,0.108506257,12625.0,8,0,3,0,1.0
0,0.000517744,64,0,0.358826081,6916.0,26,0,2,0,1.0
0,0.055464818,65,0,0.004652488,10531.0,3,0,0,0,0.0
0,0.117307582,27,0,304.0,,7,0,0,0,0.0
0,0.988011988,36,0,0.015157559,2506.0,2,0,0,1,1.0
0,0.456635841,68,1,962.0,,3,4,1,1,0.0
0,0.032416522,46,0,0.451560092,10383.0,10,0,3,0,2.0
0,0.007599493,28,0,0.574485103,5000.0,5,0,2,0,2.0
0,0.021558755,34,0,0.148790081,15000.0,7,0,1,0,1.0
0,0.9999999,33,0,0.0,7000.0,0,0,0,0,0.0
0,0.042449566,52,1,1.220819376,3880.0,14,0,3,1,0.0
0,0.115235596,45,0,0.291614518,5592.0,5,0,1,0,2.0
0,0.303068396,54,0,0.452109578,5000.0,4,0,2,0,0.0
0,0.039349761,83,0,0.195179306,1700.0,3,0,0,0,0.0
0,0.028061499,37,0,0.447695684,4100.0,9,0,1,0,0.0
0,0.11390479,26,0,0.056029233,820.0,4,0,0,0,0.0
0,0.135921964,55,0,0.051125989,11500.0,9,0,1,0,1.0
0,0.002067591,65,0,709.0,,4,0,1,0,0.0
0,0.906445278,51,1,0.293131248,3100.0,9,1,1,0,2.0
0,0.9999999,71,0,0.0,,0,0,0,0,
0,0.333666334,25,0,0.181225554,2300.0,3,0,0,0,0.0
0,0.535452914,52,0,0.726080072,4420.0,6,0,1,0,0.0
1,0.462417982,43,0,1.416861046,3000.0,12,0,1,0,0.0
0,0.151895397,47,1,0.106251894,9900.0,7,0,1,0,3.0
0,0.064466796,50,0,2953.0,,9,0,2,0,0.0
0,0.0,46,0,0.15445494,7833.0,10,0,1,0,1.0
0,0.595889939,50,1,0.711229947,4300.0,12,0,1,0,0.0
0,0.043763263,65,0,0.165352405,16358.0,23,0,1,0,0.0
0,0.073578595,58,1,0.414254439,4110.0,6,0,1,0,0.0
0,0.406985488,39,1,0.4822962,8500.0,11,0,2,0,1.0
0,0.000981782,45,1,0.266774237,7436.0,11,0,1,0,3.0
0,0.007458348,61,0,1301.0,,4,0,1,0,0.0
0,0.0,45,0,0.596618797,5500.0,5,0,1,0,0.0
0,0.016275302,78,0,25.0,,7,0,0,0,0.0
0,0.0,49,0,0.10568409,3500.0,3,0,0,0,1.0
0,0.152505164,63,0,528.0,,10,0,0,0,0.0
0,0.047800863,63,0,0.285074388,6250.0,8,0,1,0,1.0
0,0.042564574,71,0,0.244060475,8333.0,3,0,1,0,0.0
0,0.917436085,61,0,0.638674664,3500.0,4,0,2,0,0.0
0,0.10848192,61,0,0.751006711,1489.0,4,0,2,0,0.0
0,0.217539123,49,0,1.398002853,700.0,4,0,1,0,2.0
0,0.165060318,67,0,0.343914021,4000.0,11,0,1,0,0.0
0,0.24397073,54,0,0.291066959,12783.0,9,0,2,0,2.0
1,0.751730621,48,5,0.308338332,1666.0,13,0,0,0,2.0
0,0.005749795,61,0,0.190511353,5416.0,8,0,1,0,0.0
0,0.218273242,48,0,0.16558336,6153.0,6,0,0,0,2.0
0,0.547900697,66,0,3495.0,,12,0,2,0,2.0
0,0.003009983,52,0,0.443911218,5000.0,14,0,2,0,2.0
0,0.067061927,55,0,0.117481643,6400.0,5,0,1,0,0.0
0,0.062729151,27,0,0.196251952,1920.0,4,0,0,0,0.0
0,0.762158561,44,4,0.224465502,21000.0,5,0,1,0,3.0
0,0.201949513,54,0,0.005428054,10500.0,2,0,0,0,1.0
0,0.042665244,44,0,0.032262365,7500.0,6,0,0,0,0.0
0,0.014802218,57,0,0.251759548,8666.0,28,0,2,0,0.0
0,0.033074379,55,0,0.296194721,5833.0,11,0,1,0,0.0
0,0.888888889,39,0,21.0,,1,0,0,0,0.0
0,0.007140319,47,0,0.248623465,2360.0,4,0,0,0,0.0
0,0.402521919,48,0,0.472024611,5200.0,5,1,1,0,3.0
0,0.852026904,31,0,0.482398957,2300.0,7,0,0,0,2.0
0,0.589730357,66,0,1950.0,,9,0,2,0,0.0
0,0.417129144,37,0,0.315640363,12000.0,4,0,2,0,2.0
0,0.0,54,0,0.265067124,3500.0,6,0,0,0,1.0
0,0.042737272,43,0,0.003084778,9400.0,2,0,0,0,1.0
0,0.001317089,48,1,169.0,,12,0,0,0,0.0
0,0.046315895,69,0,0.282977954,8300.0,7,0,2,0,1.0
0,0.9999999,57,1,0.445652174,2299.0,4,0,2,0,1.0
0,0.011405799,53,0,2813.0,,17,0,1,0,0.0
0,0.703307285,43,0,0.323119777,14000.0,18,0,3,0,1.0
0,0.808583362,65,0,6969.0,,20,0,1,0,0.0
0,0.02988486,37,0,0.271649559,6916.0,12,0,2,0,2.0
0,0.021544561,44,0,0.006853583,3209.0,4,0,0,0,0.0
0,0.670534986,49,0,0.367733333,3749.0,13,0,1,0,3.0
0,0.968433081,33,0,0.196056651,3600.0,7,0,0,0,0.0
0,0.063630579,59,0,21.0,,1,0,0,0,0.0
0,0.016570198,72,0,545.0,,13,0,1,0,0.0
0,0.591293222,81,0,0.295940812,5000.0,8,0,0,0,1.0
0,0.95434855,52,0,0.162570888,2644.0,4,0,0,0,0.0
0,0.219919902,51,0,0.353223484,6250.0,9,0,2,0,1.0
0,0.0,68,0,1474.0,,15,0,2,0,0.0
0,0.022303276,65,0,0.120300752,6649.0,16,0,1,0,1.0
0,0.256197817,37,0,0.417645589,4000.0,16,0,1,0,2.0
0,0.0,71,0,0.0,,3,0,0,0,0.0
0,0.018375545,52,0,0.228692827,4000.0,9,0,1,0,3.0
0,0.085867365,42,0,0.289874039,6112.0,6,0,1,0,0.0
0,0.050141099,64,0,0.013994402,2500.0,3,0,0,0,0.0
0,0.617351287,32,0,0.75173233,5050.0,13,0,1,0,2.0
0,0.297512465,50,0,0.522089649,3100.0,8,0,1,0,2.0
0,0.510661541,52,0,0.397742965,21000.0,8,0,1,0,2.0
0,0.254793554,25,0,1.144244105,720.0,5,0,0,0,0.0
0,0.03578694,33,0,0.185246557,17500.0,12,0,2,0,2.0
0,0.291509928,44,0,0.651388514,11126.0,10,0,3,0,2.0
0,0.006316919,50,0,0.24831667,4900.0,7,0,1,0,1.0
0,0.483218792,76,0,0.256278171,1552.0,5,0,0,0,0.0
0,0.112459169,74,0,50.0,,1,0,0,0,0.0
0,0.944001965,57,0,0.578416791,6050.0,7,0,2,0,0.0
0,0.285489804,60,0,0.37720285,5333.0,6,0,1,0,0.0
0,0.367454068,31,1,0.337732454,5000.0,6,0,1,0,0.0
0,0.184575662,46,0,0.208986068,15000.0,6,0,1,0,2.0
0,1.08447888,51,0,0.139202581,4338.0,5,0,0,0,0.0
0,0.0,44,0,0.431305341,3500.0,4,0,1,0,2.0
0,0.357857129,65,1,0.145877975,17733.0,10,0,1,0,1.0
0,0.979704335,44,0,0.812397746,5500.0,8,0,1,0,1.0
0,0.112724284,29,0,0.135280553,1300.0,5,0,0,0,1.0
0,0.035649046,65,0,0.095188502,4800.0,6,0,0,0,1.0
0,0.0,64,1,0.168319307,12000.0,6,0,2,0,0.0
0,0.021330489,44,0,4.0,,1,0,0,0,0.0
0,0.308256339,50,0,0.452201761,6244.0,10,0,3,0,1.0
0,0.985807442,46,1,0.090409133,12000.0,4,2,0,0,4.0
0,0.001184715,66,0,0.010699877,5700.0,4,0,0,0,2.0
0,0.915883244,58,1,0.961737565,4442.0,9,0,2,0,0.0
1,0.168316252,54,0,0.008515643,70575.0,4,1,0,1,1.0
0,0.116988301,49,1,0.327084583,6667.0,8,0,1,0,1.0
0,0.9999999,62,0,0.193130534,29026.0,6,0,3,0,0.0
0,0.179140644,62,0,0.239912361,5476.0,9,0,1,0,0.0
0,0.151224581,42,0,384.0,1.0,7,0,0,0,3.0
0,0.0,29,1,0.07782466,4265.0,6,0,0,0,4.0
0,0.89678511,38,0,0.207820564,10075.0,4,0,2,0,2.0
0,0.035915924,55,0,0.064802814,5400.0,4,0,0,0,0.0
1,1.070673787,45,0,0.558319871,3094.0,6,0,0,0,0.0
0,0.095182221,46,0,0.673518022,3356.0,11,0,1,0,2.0
1,0.794212219,53,0,0.433985839,2400.0,5,2,1,0,0.0
0,0.019631208,75,0,0.290709633,2916.0,6,0,1,0,0.0
0,0.005367326,87,0,0.336410848,5198.0,11,0,2,0,2.0
0,0.11068269,68,0,0.378642441,5833.0,4,0,1,0,0.0
0,0.153962701,43,0,0.442111578,5000.0,10,0,1,0,2.0
0,0.577035843,44,1,0.128218714,9436.0,12,0,0,0,4.0
0,0.9999999,42,1,0.285594288,16666.0,8,0,3,0,0.0
0,0.0,54,0,2045.0,,5,0,1,0,3.0
0,0.144547041,51,0,0.539878731,8575.0,12,0,1,0,1.0
0,0.132447567,46,0,0.085628349,10638.0,6,0,0,0,2.0
0,0.356736511,36,0,0.192255619,3692.0,4,0,0,0,0.0
0,0.030701549,44,0,0.363464209,7920.0,8,0,2,0,3.0
0,0.013303334,59,0,0.1896013,8000.0,11,0,1,0,0.0
0,0.128966314,55,1,0.261616162,1979.0,6,0,0,0,0.0
0,0.02818631,64,0,0.110648225,6000.0,4,0,0,0,0.0
0,0.0079998,89,0,0.00143977,6250.0,5,0,0,0,0.0
0,0.9999999,21,98,0.0,0.0,0,98,0,98,0.0
0,0.545252246,53,1,0.114784695,7500.0,4,0,0,0,6.0
0,0.387331791,36,0,406.0,,4,0,0,0,0.0
0,0.010474178,55,0,0.055812565,6700.0,27,0,0,0,0.0
0,0.014317691,71,0,0.152200406,7384.0,7,0,1,0,0.0
0,0.9999999,43,1,0.324417224,16000.0,8,0,1,1,4.0
0,0.029020396,69,0,0.301267542,8835.0,6,0,1,0,0.0
0,0.217539123,53,0,0.067330572,11346.0,9,0,1,0,0.0
0,0.728542914,60,1,0.305331179,3094.0,5,0,1,0,0.0
0,0.0,58,0,0.264157341,2948.0,10,0,0,0,0.0
0,0.16495876,74,0,0.007304883,2600.0,3,0,0,0,0.0
0,0.207930499,72,0,0.353960671,9000.0,13,0,2,0,0.0
0,0.0,80,0,0.0,,5,0,0,0,
0,0.037453184,36,1,0.986337887,3000.0,9,0,2,0,2.0
0,0.282185813,60,0,0.557055368,8000.0,24,0,2,0,4.0
0,0.045506722,61,0,0.602102295,7800.0,15,0,2,0,1.0
0,0.9999999,54,0,0.036287336,4050.0,0,0,0,0,0.0
1,0.152292821,60,6,0.682263547,5000.0,23,0,2,0,0.0
0,0.485817907,58,0,0.150354758,9583.0,6,0,0,0,0.0
0,0.096198251,49,0,0.143152138,17917.0,5,0,1,0,3.0
0,0.481877517,27,0,0.207330618,2700.0,6,0,0,0,0.0
0,0.661442853,40,0,0.09113608,800.0,2,0,0,0,0.0
0,0.008589312,82,0,0.002443416,7775.0,7,0,0,0,0.0
0,0.085059489,62,0,0.238816967,9500.0,11,0,2,0,0.0
0,0.682289714,33,0,0.329223592,3000.0,10,0,0,0,0.0
0,0.063410454,40,0,0.357142857,2855.0,2,0,1,0,1.0
0,0.423050254,30,0,1820.0,,6,0,1,0,0.0
0,0.006149696,65,0,1.635354398,1170.0,19,0,2,0,0.0
0,5649.0,63,0,0.287246114,17625.0,6,0,1,0,1.0
0,0.120721192,40,0,0.357329642,6500.0,11,0,1,0,2.0
0,0.852490239,36,2,0.421324423,6583.0,8,0,1,0,2.0
0,0.352701224,60,1,1665.0,,11,0,1,0,0.0
0,0.0,43,0,2.170207448,4000.0,9,0,3,0,1.0
0,0.016842105,58,0,0.096195977,5020.0,9,0,0,0,0.0
0,0.072330669,46,0,0.224721654,4400.0,13,0,1,0,2.0
0,1.021978022,50,1,0.0059988,5000.0,1,0,0,0,0.0
0,0.379378048,49,0,0.454623369,10500.0,17,0,1,0,0.0
0,0.381292739,42,0,0.828839746,3300.0,16,0,2,0,2.0
0,0.030713289,52,0,71.0,,5,0,0,0,0.0
0,0.072531575,57,0,0.071380471,1484.0,12,0,0,0,0.0
0,0.083277779,54,0,0.067912712,10218.0,5,0,0,0,4.0
0,0.06288686,60,0,0.385190726,4010.0,11,0,2,0,0.0
0,0.728363561,66,1,0.625858465,3348.0,7,0,1,0,0.0
0,0.02731285,65,0,0.325335893,2083.0,6,0,0,0,0.0
0,0.081463991,43,0,0.121863282,13867.0,11,0,2,0,0.0
0,0.024491931,57,0,3367.0,,8,0,1,0,0.0
0,0.9999999,41,0,0.091143998,4256.0,2,5,0,0,2.0
0,0.361682297,41,0,0.19675058,5600.0,9,0,0,0,2.0
0,0.0,56,0,0.516204661,7250.0,10,0,4,0,0.0
0,0.0,27,0,183.5,1.0,5,0,0,0,0.0
0,0.9999999,44,0,1.286475683,1500.0,3,0,1,1,2.0
0,0.0,35,0,1.838390967,1416.0,7,0,1,0,0.0
0,0.547450121,51,0,0.075934251,14235.0,5,0,2,0,7.0
0,0.637664871,34,0,0.576883232,6756.0,9,0,2,0,0.0
0,0.044879835,70,0,6192.0,,13,0,5,0,0.0
0,0.236275993,45,0,0.110915656,10800.0,14,0,1,0,2.0
1,0.282806965,41,1,0.149845584,8094.0,19,0,0,1,2.0
0,0.006034275,52,0,0.000333311,15000.0,3,0,0,0,1.0
0,0.864506775,60,0,0.432341852,7160.0,13,0,1,0,1.0
0,0.0,61,0,0.077300613,14669.0,7,0,1,0,0.0
0,0.203305183,41,0,0.661667248,8600.0,26,0,3,0,0.0
0,0.004908868,74,0,0.261114237,5330.0,4,0,1,0,0.0
0,0.0,37,0,410.0,,10,0,0,0,2.0
0,0.013611459,73,0,0.002258611,7083.0,5,0,0,0,0.0
0,0.156968731,36,0,0.441026389,6858.0,11,0,1,0,0.0
0,0.060572952,50,0,0.033859303,6083.0,13,0,0,0,0.0
0,0.078601773,65,0,0.013507429,8883.0,12,0,0,0,0.0
0,0.034358468,49,0,0.143702906,3715.0,7,0,1,0,1.0
0,0.427091044,26,0,0.191813422,2100.0,5,0,0,0,1.0
0,0.0,63,0,2682.0,,3,0,2,0,0.0
0,0.033652096,43,0,1052.0,,13,0,1,0,0.0
0,0.042623888,55,0,0.344092346,13600.0,16,0,4,0,3.0
1,0.981819835,59,0,0.246820809,3459.0,9,0,0,0,0.0
0,0.087120801,66,0,0.368794326,1550.0,9,0,0,0,0.0
0,0.332702403,56,0,0.866522106,8300.0,15,0,3,0,3.0
0,0.975610946,35,0,0.436563226,9473.0,9,0,1,0,4.0
0,0.008830939,50,0,0.295745176,4300.0,10,0,1,0,1.0
0,0.168494735,32,1,0.344899231,9625.0,7,0,2,0,1.0
0,0.093809551,56,0,0.436056394,10000.0,15,0,3,0,0.0
1,2.079734219,28,0,0.364392679,3004.0,1,3,1,0,0.0
0,0.246870678,29,0,1420.0,,4,0,1,0,0.0
0,0.00019996,33,0,0.104944118,5278.0,2,0,0,0,1.0
0,0.002401237,67,0,2.0,,5,0,0,0,0.0
0,0.342055808,38,0,0.630157989,15000.0,15,0,4,0,1.0
0,0.189620758,44,0,0.164573408,2308.0,3,0,0,0,3.0
0,0.022116298,42,0,0.006977992,5588.0,4,0,0,0,1.0
0,0.160709707,55,0,0.379690586,6075.0,10,0,4,0,0.0
0,0.9999999,43,0,0.327834021,8000.0,2,2,1,1,4.0
0,0.00888546,54,0,0.048303977,13000.0,5,0,0,0,1.0
0,0.883839186,66,1,1.487347295,4583.0,25,1,3,0,0.0
0,0.079730067,22,0,9.0,0.0,1,0,0,0,0.0
0,0.179850185,38,0,0.071259771,5500.0,9,0,0,0,0.0
0,0.535520921,65,0,3998.0,,9,0,2,0,0.0
0,0.817653495,57,0,0.358853317,11650.0,15,0,2,0,1.0
0,0.9999999,37,0,1325.0,,2,0,1,0,0.0
0,0.665132519,47,4,0.324540463,8377.0,5,0,1,0,1.0
0,0.090691802,64,0,2176.0,,15,0,1,0,2.0
0,0.904007999,61,1,0.381971567,6400.0,7,0,1,0,0.0
0,0.094985934,61,0,1189.0,,4,0,1,0,
0,0.91259684,27,0,0.270606884,4415.0,6,0,0,0,0.0
0,0.038411197,46,0,0.426796172,7000.0,8,0,1,0,1.0
0,0.953251948,28,0,0.326342434,5530.0,8,0,0,0,2.0
0,0.019717993,59,0,0.450911641,4277.0,8,0,1,0,0.0
0,0.9999999,77,0,0.153459943,4580.0,7,0,1,0,1.0
0,1.051321928,29,1,0.072683059,3700.0,2,0,0,0,2.0
0,0.017087733,60,0,1411.0,0.0,5,0,1,0,1.0
0,0.0,43,0,4107.0,,11,0,3,0,0.0
0,0.9999999,29,0,0.088880484,5287.0,2,0,0,0,0.0
0,0.307403365,49,0,0.1672849,11052.0,4,0,2,0,2.0
0,0.96486803,48,0,0.464646465,2870.0,5,0,1,0,0.0
0,0.110614756,51,0,1137.0,,8,0,1,0,0.0
0,1.002333269,52,0,1.534986006,2500.0,5,0,2,0,2.0
0,0.187614852,71,0,4040.0,,6,1,1,0,0.0
0,0.9999999,54,0,0.004559635,8333.0,0,0,0,0,0.0
0,0.669314105,67,0,6192.0,,13,0,2,0,1.0
1,0.9999999,44,2,0.500166611,3000.0,3,1,1,2,3.0
1,0.118807381,66,0,0.023320378,1800.0,7,0,0,0,0.0
0,0.704318937,41,0,0.096618357,6416.0,2,6,0,1,2.0
1,1.482758621,36,1,38.0,,4,0,0,0,0.0
0,0.0,46,0,0.0,5700.0,6,0,0,0,1.0
0,0.024912652,61,0,0.019777059,2780.0,7,0,0,0,0.0
1,0.775317812,42,2,0.43341489,5721.0,7,3,2,0,2.0
0,0.016815545,48,3,0.228858664,6763.0,13,0,1,1,2.0
0,0.264265214,48,0,0.511290323,5579.0,11,0,2,0,1.0
1,0.479041916,28,0,0.009541118,2200.0,1,0,0,0,0.0
0,0.024162279,75,0,0.006293965,2700.0,10,0,0,0,0.0
0,0.9999999,79,0,0.0,,1,0,0,0,0.0
0,0.081538198,61,0,0.528384279,2518.0,8,0,1,0,0.0
0,0.818508065,60,0,0.373807459,20753.0,17,0,2,0,2.0
0,0.0,41,0,521.0,,9,0,1,1,0.0
0,0.310631858,59,0,0.395339574,5020.0,7,0,1,0,2.0
0,0.519019302,29,1,0.323384569,6700.0,8,0,2,0,0.0
0,0.228319419,82,0,0.679053491,6000.0,22,0,3,0,0.0
0,0.008313623,46,0,0.305453249,8416.0,7,0,1,0,1.0
0,0.011643334,88,0,0.006797281,2500.0,9,0,0,0,0.0
0,0.0,90,0,0.0,,5,0,0,0,0.0
1,0.38563298,28,2,0.126919386,4167.0,5,0,0,0,1.0
1,0.072029642,57,2,0.502699683,5370.0,14,0,2,0,3.0
0,0.008354569,74,0,0.493182478,3446.0,10,0,1,0,0.0
0,0.512039037,34,0,0.497566562,3492.0,6,0,1,1,4.0
1,1.023395321,48,1,6456.0,,7,0,3,0,
0,0.087501932,37,0,0.25496903,10816.0,9,0,1,0,2.0
0,0.9999999,32,0,5.791044776,200.0,4,0,2,0,4.0
0,0.24773003,54,0,0.441111778,5000.0,7,0,2,0,2.0
0,0.013015496,72,0,0.00595618,4700.0,10,0,0,0,0.0
0,0.379851157,47,0,0.184603551,15600.0,9,0,1,0,2.0
0,0.043380467,70,0,0.10275,15999.0,13,0,1,0,0.0
0,0.040100868,68,0,0.19658427,11124.0,8,0,2,0,1.0
0,0.299472243,57,0,0.716380603,6000.0,11,0,2,0,0.0
0,0.950644189,61,2,4784.0,,7,1,2,1,2.0
0,0.005256993,65,0,0.001498352,3336.0,3,0,0,0,0.0
0,0.051958695,37,0,0.487889273,2600.0,5,0,1,0,1.0
0,0.639920002,63,0,0.469499933,7458.0,7,0,2,0,0.0
1,0.9999999,28,0,54.0,,0,2,0,0,0.0
0,0.586831954,37,1,0.193167616,7200.0,11,0,0,0,3.0
0,0.694702925,45,0,0.269879059,10500.0,5,0,1,0,1.0
1,0.910699535,69,5,95.30092237,2601.0,14,1,2,5,1.0
0,0.078394821,50,0,0.181186164,11650.0,11,0,1,0,1.0
0,0.911787579,44,0,0.344640083,3861.0,7,0,1,0,1.0
0,0.034800257,46,0,0.4450117,4700.0,8,0,3,0,2.0
0,0.0,39,0,0.275649267,11666.0,11,0,2,0,1.0
1,0.9999999,58,1,0.483589088,4691.0,6,2,1,3,0.0
0,0.013184697,45,0,0.345898004,5411.0,6,0,1,0,1.0
0,0.0,66,0,0.0,,3,0,0,0,0.0
0,0.662118943,33,1,0.654963962,4300.0,10,0,1,0,1.0
0,0.021042868,67,0,0.283218889,8300.0,6,0,2,0,0.0
0,0.445776505,63,1,0.405909566,6700.0,25,0,1,0,0.0
0,0.9999999,27,0,0.452217364,1600.0,8,0,0,0,1.0
0,0.9999999,32,2,0.387564767,1929.0,1,0,0,1,0.0
0,0.010887967,55,0,0.725137431,2000.0,7,0,2,0,0.0
0,0.0,59,0,3192.0,,9,0,2,0,0.0
0,0.091546072,66,0,846.0,,5,0,1,0,
0,0.406572429,40,2,3325.0,,9,0,2,0,2.0
0,0.062398902,35,0,0.135205526,8830.0,3,0,1,0,0.0
0,0.197270642,74,0,0.126859435,5982.0,4,0,0,0,0.0
0,0.032931836,64,0,0.145427002,5280.0,11,0,0,0,0.0
0,0.0,68,0,0.392834826,4800.0,5,0,1,0,0.0
0,0.632911392,41,0,564.0,,5,0,0,2,2.0
0,0.0,42,0,0.613319334,6666.0,7,0,2,0,0.0
0,0.116844158,48,0,0.316903894,8500.0,4,0,1,0,0.0
0,0.025676607,54,0,0.404750245,4083.0,14,0,1,0,0.0
0,0.589671417,54,0,1.056431904,4500.0,10,0,2,0,0.0
1,0.9999999,64,1,1879.0,,4,3,1,1,2.0
0,0.14831144,63,0,0.412797156,4500.0,5,0,1,0,0.0
0,0.212393803,48,0,0.116623473,2700.0,9,0,0,0,2.0
0,0.698273988,47,0,0.414944113,6530.0,9,0,3,0,1.0
0,0.03901729,53,0,0.326898327,10100.0,14,0,2,0,1.0
0,0.9999999,42,1,0.099218485,2942.0,1,1,0,0,4.0
0,0.967812535,53,1,0.467519685,3047.0,10,0,1,0,0.0
0,0.9999999,78,0,418.0,,3,0,0,0,1.0
0,0.0,41,0,0.0,8333.0,1,0,0,0,2.0
0,0.705130914,50,0,0.31810686,6063.0,4,0,0,0,0.0
0,0.420583981,52,0,0.533064375,5700.0,18,0,1,0,1.0
0,0.3792026,35,0,0.023631841,4019.0,1,0,0,0,1.0
1,0.9999999,44,0,0.007756505,10184.0,0,0,0,0,2.0
0,0.046306277,79,0,59.0,,5,0,0,0,1.0
0,0.78962805,34,1,0.862112112,3995.0,10,0,1,0,2.0
0,0.932315958,39,0,0.468055684,10846.0,9,0,2,0,1.0
0,0.119371104,40,0,0.651175708,5400.0,11,0,2,0,0.0
0,0.026527773,48,0,0.128925198,3916.0,5,0,0,0,0.0
0,0.004791467,67,1,0.821272299,2970.0,9,0,1,0,0.0
0,0.133743173,44,0,152.0,,3,0,0,0,2.0
1,0.017038913,80,0,57.0,,11,0,0,0,1.0
0,0.00448263,68,1,0.211714891,2833.0,15,0,1,0,0.0
0,0.9999999,56,0,0.280429893,4000.0,2,0,0,0,0.0
0,0.171398665,62,0,0.552489502,5000.0,14,0,2,0,0.0
0,0.302105894,56,4,1.358852933,3800.0,10,0,3,0,2.0
0,0.0,36,0,0.340265558,6250.0,5,0,1,0,0.0
0,0.442837144,66,0,0.796167247,3443.0,9,0,2,0,0.0
0,0.0,58,0,9.0,,8,0,0,0,0.0
0,0.238035975,33,0,1.527254028,2916.0,9,0,1,0,0.0
0,0.064372126,84,0,43.0,,4,0,0,0,
0,0.028142879,61,0,0.348523599,4300.0,4,0,1,0,0.0
0,0.796440712,53,0,0.572932331,5984.0,7,1,2,0,1.0
0,0.007383479,52,0,0.462717481,7241.0,8,0,2,0,1.0
0,0.9999999,43,0,0.195567145,2300.0,3,0,0,0,0.0
0,0.018573086,42,0,0.210842035,4500.0,10,0,1,0,0.0
0,0.0,68,0,0.123705867,3766.0,2,0,1,0,1.0
0,0.291967701,56,0,0.31280468,6153.0,13,0,2,0,0.0
0,0.0,31,0,243.0,,4,0,0,0,
0,0.168359412,51,0,0.416642077,10166.0,17,0,2,0,1.0
0,0.0,42,0,8.0,,9,0,0,0,0.0
0,0.111826378,50,0,0.154754762,26667.0,17,0,2,0,2.0
1,0.511949893,43,0,0.79551651,3300.0,21,0,1,0,2.0
1,1.027331511,50,1,0.577627772,11406.0,9,0,2,0,0.0
0,0.990002631,45,4,0.464536058,8416.0,10,1,3,1,0.0
0,0.116788186,35,0,0.142764691,7725.0,14,0,0,0,3.0
0,0.254149074,39,0,0.197522928,23333.0,27,0,1,1,3.0
0,5186.0,43,0,0.211157768,5000.0,4,0,1,0,2.0
0,0.37267099,54,0,0.289591467,10500.0,8,0,1,0,0.0
0,0.9999999,33,1,0.157971316,4810.0,4,0,0,0,3.0
0,0.925802473,68,1,0.468804231,12100.0,7,0,2,0,1.0
1,0.513466551,32,0,0.028048598,6666.0,7,1,0,0,1.0
0,0.009592237,26,0,0.00388673,1800.0,5,0,0,0,0.0
0,0.468125009,44,0,0.144861776,11900.0,13,0,0,0,2.0
0,0.000207371,60,0,710.0,,9,0,1,0,0.0
0,0.01837584,45,0,0.417516497,6667.0,20,0,2,0,0.0
0,0.436626267,55,0,0.335794792,20583.0,11,0,4,0,0.0
0,0.158227342,54,0,539.0,,3,0,0,0,0.0
0,0.025024014,44,0,0.397860714,8600.0,8,0,3,0,0.0
0,0.628546432,39,0,0.449473684,2849.0,4,0,1,0,2.0
0,0.044991144,66,0,0.233135575,4550.0,12,0,1,0,1.0
0,0.577762046,36,0,0.714285714,3240.0,6,0,1,0,1.0
0,0.155065607,55,0,0.311211099,2666.0,5,0,1,0,0.0
0,0.08639424,48,0,0.259757739,5200.0,3,0,1,0,0.0
0,0.038280836,28,0,2857.0,,10,0,1,0,
0,0.0,70,0,0.0,3500.0,6,0,0,0,0.0
0,0.0,73,0,0.27384077,8000.0,7,0,1,0,1.0
0,0.114706291,74,0,0.514485514,1000.0,6,0,0,0,0.0
0,0.234706118,55,0,0.181795196,3954.0,6,0,2,0,0.0
0,0.007299854,63,0,0.002288853,4368.0,2,0,0,0,0.0
0,0.038337914,49,0,0.342582177,8000.0,12,0,1,0,0.0
0,0.0337425,77,0,0.414033457,4303.0,6,0,1,0,0.0
0,0.267850344,46,0,0.257574319,10528.0,10,0,2,0,3.0
0,0.073246009,72,0,0.039648569,4438.0,12,0,0,0,0.0
0,0.2329967,45,0,0.250743042,3700.0,9,0,0,0,0.0
1,1.017329256,41,0,0.560799556,1800.0,15,0,1,1,0.0
0,0.133901064,49,0,0.433947856,9166.0,13,0,2,0,2.0
0,0.130992723,51,0,0.004184851,16726.0,1,0,0,0,3.0
0,0.503328434,46,0,0.581633996,7600.0,11,0,2,0,1.0
1,0.475504899,53,0,0.50855615,1869.0,13,1,1,1,0.0
0,0.035148648,93,0,0.107166338,6083.0,7,0,0,0,0.0
0,0.066077827,66,0,0.137177281,5809.0,6,0,1,0,1.0
0,0.035323593,63,1,1699.0,,16,0,1,0,1.0
0,0.09134034,38,0,3821.0,,7,0,1,0,2.0
0,0.158722752,59,0,0.052973513,2000.0,4,0,0,0,1.0
0,0.058711257,64,0,0.462617685,5416.0,8,0,1,0,0.0
0,0.041687036,50,0,0.338073547,9000.0,13,0,2,0,0.0
1,0.549688179,67,1,1.761292996,4825.0,15,0,2,0,0.0
0,0.9999999,52,1,0.160593357,3100.0,1,1,0,0,2.0
0,0.020186303,76,0,429.0,,7,0,1,0,0.0
0,0.097418489,73,0,2589.0,,11,0,1,0,1.0
0,0.0,52,0,0.452050152,2950.0,4,0,1,0,0.0
1,0.874364775,40,0,0.345722483,7667.0,6,0,1,0,2.0
0,0.03229677,59,0,0.000857061,10500.0,3,0,0,0,0.0
0,0.017609685,61,0,0.269442609,4538.0,7,0,1,0,1.0
0,0.0,47,0,2054.0,,4,0,2,0,2.0
0,0.047081949,42,0,0.25111177,16864.0,11,0,2,0,4.0
0,0.0,36,0,0.36135182,5769.0,6,0,1,0,1.0
0,0.54213082,35,0,0.534910166,4396.0,4,0,2,0,0.0
0,0.440928372,42,0,1.014638829,8333.0,8,0,3,0,2.0
0,0.183902642,51,0,0.548389032,16666.0,11,0,4,0,4.0
0,0.055588882,47,0,0.185328185,10359.0,5,0,1,0,1.0
1,0.9999999,27,0,0.0,2000.0,0,1,0,1,0.0
0,0.437683158,39,0,76.0,0.0,2,0,0,0,4.0
0,0.0,51,0,0.318997792,10416.0,6,0,3,0,2.0
0,0.0,68,0,0.341587302,4724.0,7,0,1,0,0.0
0,0.102410655,71,0,309.0,,11,0,0,0,1.0
0,0.838216178,52,0,0.267323281,11472.0,8,0,1,0,2.0
0,0.177437922,61,0,0.214050706,15500.0,13,0,2,0,0.0
0,0.505645445,48,0,0.813167873,2900.0,8,0,1,0,1.0
0,0.470349616,65,2,0.35617894,9410.0,19,0,2,0,0.0
0,0.0,49,0,46.0,,5,0,0,0,0.0
0,0.14462979,56,0,0.178697876,10167.0,7,0,1,0,2.0
0,0.112916884,58,0,0.272864625,9927.0,10,0,2,0,1.0
0,0.197160568,36,0,0.233827335,4250.0,2,0,1,0,0.0
0,0.154663967,25,0,0.006665432,5400.0,3,0,0,0,1.0
0,0.0,65,0,2.550224888,666.0,8,0,1,0,0.0
0,0.542518379,72,0,1.159671533,1095.0,10,0,0,0,0.0
0,0.987105602,76,0,0.509862199,3700.0,9,0,0,0,0.0
0,0.938061938,61,0,3086.0,,6,0,2,0,
0,0.474473657,31,0,0.610062893,2225.0,5,0,0,0,1.0
0,0.581307401,31,0,447.0,,3,0,0,0,0.0
0,0.003389716,47,1,0.373207926,10950.0,15,0,2,0,1.0
0,0.040522214,50,0,0.229380242,8583.0,10,0,2,0,2.0
0,0.630798289,33,1,0.099914603,5854.0,6,0,0,0,3.0
1,0.01557659,80,0,0.364702673,3665.0,11,0,2,0,1.0
0,0.259913362,49,0,0.222422332,2220.0,3,0,0,0,0.0
0,0.587068822,39,0,0.582003546,2255.0,3,0,0,1,2.0
0,0.026770414,41,0,0.409140848,4550.0,9,0,1,0,0.0
0,0.011287944,88,0,19.0,,5,0,0,0,0.0
0,0.9999999,30,0,0.021591363,2500.0,1,0,0,0,0.0
0,0.386624505,48,0,0.292553791,8876.0,15,0,1,0,2.0
0,0.013192345,39,1,1901.0,0.0,5,0,3,0,0.0
0,0.169697907,74,0,0.202629544,9050.0,12,0,1,0,2.0
0,0.055452254,41,0,0.683649289,3375.0,16,0,0,0,1.0
0,0.039148043,56,0,2004.0,,4,0,2,0,0.0
0,0.87152984,47,0,0.583740031,8400.0,9,0,1,0,3.0
0,0.9999999,55,0,23.0,,0,1,0,0,0.0
0,0.009216991,66,0,1096.0,,6,0,1,0,1.0
0,0.206226792,50,3,0.46049744,2733.0,4,2,1,3,1.0
0,0.639500686,41,0,0.33281493,9001.0,5,0,2,0,3.0
0,0.0,43,0,0.081583683,5000.0,4,0,0,0,0.0
0,0.028412522,71,0,0.05666127,10500.0,8,0,0,0,0.0
0,0.419219607,36,2,801.0,,9,2,0,3,0.0
0,0.067648593,62,0,0.531644181,9116.0,21,0,4,0,0.0
0,0.559723653,36,0,0.407671316,6595.0,10,0,1,0,1.0
0,0.91747767,49,0,0.39894783,2280.0,5,0,0,0,0.0
0,0.0,33,0,0.0,4052.0,1,0,0,0,0.0
0,0.55126498,34,1,0.316980415,5258.0,4,0,1,0,2.0
0,0.143818232,64,0,0.630054787,3832.0,7,0,2,0,1.0
0,0.17478042,34,0,0.08815871,8064.0,5,0,0,0,0.0
1,0.78792496,55,2,0.512904183,3370.0,9,0,2,0,0.0
0,0.541698576,74,0,2775.0,,15,0,3,0,0.0
0,0.036055645,48,0,0.282028149,5541.0,8,0,1,0,0.0
0,0.149407228,30,0,31.0,,1,0,0,0,
0,0.545687622,29,0,0.478402229,4305.0,6,0,1,0,1.0
0,0.00119996,74,0,0.765778126,5101.0,9,0,5,0,0.0
1,0.957100422,49,1,1.427800998,7416.0,17,0,9,1,3.0
0,0.718232516,48,0,0.648038246,6065.0,14,0,2,0,2.0
0,0.617555426,59,1,0.471348452,4100.0,9,0,0,0,0.0
0,0.006456988,40,2,0.423515297,5000.0,5,0,2,1,0.0
0,0.85348293,51,0,0.582443654,5900.0,14,0,1,0,2.0
1,0.937354215,43,1,0.380330579,6049.0,4,0,1,0,3.0
0,0.007911354,62,0,0.227628729,6000.0,5,0,1,0,1.0
0,0.747457433,58,0,0.45974359,3899.0,10,0,1,0,2.0
1,1.071928072,40,1,0.336120705,5500.0,6,0,0,3,2.0
0,0.003066931,65,0,0.305949008,6000.0,8,0,1,0,0.0
1,0.166069516,43,0,0.624890036,17050.0,18,0,3,0,3.0
0,0.076039513,75,0,0.872625475,5000.0,11,0,3,0,0.0
0,0.021131677,57,0,0.089236512,11250.0,7,0,1,0,1.0
0,0.135674573,49,0,0.639204545,3167.0,5,0,2,0,0.0
1,0.77279919,46,0,0.251651559,6508.0,11,0,0,0,0.0
0,0.01239876,66,0,14.01876676,372.0,3,0,2,0,0.0
0,0.74423736,74,0,0.382083643,4040.0,9,0,0,0,0.0
0,0.032672796,71,0,0.081740665,3400.0,3,0,0,0,0.0
0,0.150349968,56,0,0.414681733,12300.0,7,0,1,0,0.0
0,0.289378268,36,0,0.35994001,6000.0,19,0,0,0,3.0
0,0.899967858,53,0,0.266619891,5700.0,3,0,1,0,4.0
0,0.0,53,0,0.196554234,4120.0,2,0,1,0,3.0
0,0.0,49,0,0.366737238,4250.0,7,0,1,0,1.0
0,0.535636781,28,0,0.580756807,4333.0,12,0,1,0,0.0
0,0.213621768,44,1,1.042319227,3000.0,7,0,0,0,2.0
0,0.289198421,64,2,0.162359122,11800.0,12,0,1,0,0.0
0,0.471675986,53,0,0.085801449,7866.0,3,0,0,0,2.0
0,0.077727409,61,0,0.075835919,2900.0,20,0,0,1,0.0
0,0.190445666,42,0,0.322232078,12400.0,16,0,3,0,5.0
0,0.021203925,46,0,0.127772571,3200.0,7,0,0,0,0.0
0,0.352174421,51,0,0.205533597,10625.0,15,0,2,0,0.0
0,0.05196576,52,0,0.292487813,24000.0,11,0,5,0,1.0
0,0.166763939,60,0,0.013024305,9750.0,3,0,0,0,0.0
0,1.033897239,42,0,0.798346148,6892.0,12,0,6,0,3.0
0,0.300111388,28,0,0.153787005,2600.0,12,0,0,0,0.0
0,0.131264605,47,1,3122.0,,13,0,2,0,0.0
1,0.257595316,67,0,0.446258957,6000.0,18,0,1,0,1.0
0,0.003134466,63,0,0.234806844,12916.0,11,0,2,0,1.0
0,0.150992059,57,0,0.265077964,6797.0,7,0,1,0,1.0
0,0.026339299,77,0,0.337828412,4300.0,8,0,1,0,0.0
0,0.022781404,62,0,0.184578744,6717.0,8,0,2,0,1.0
0,0.225605206,49,0,0.469537395,7500.0,3,0,1,0,0.0
0,0.007582701,33,0,1138.0,,4,0,1,0,0.0
0,0.0,69,0,0.329334476,3500.0,6,0,2,0,1.0
0,0.420552369,82,0,0.622379877,3100.0,16,0,1,0,0.0
0,0.317920858,86,0,0.259403866,10500.0,21,0,1,0,1.0
0,0.0010261,68,0,0.468277946,3640.0,18,0,2,0,2.0
0,0.717824341,55,0,1.307550645,3800.0,20,0,2,0,0.0
0,0.034289216,61,0,0.141802522,16254.0,5,0,1,0,0.0
0,0.402024265,54,0,0.706083976,3500.0,11,0,1,0,2.0
0,0.446118463,49,1,0.16375345,25000.0,7,0,1,0,2.0
0,0.075778568,72,0,0.411820782,3146.0,10,0,1,0,0.0
0,0.023414645,59,0,0.067870486,20877.0,9,0,1,0,2.0
0,0.9999999,35,0,0.0,,0,0,0,0,0.0
1,0.029284552,37,0,0.933522497,7400.0,9,1,1,0,2.0
1,0.592001702,34,2,0.510686164,5333.0,6,1,1,0,0.0
0,0.015299235,69,0,37.0,,5,0,0,0,0.0
1,0.838923929,61,2,0.69924357,6609.0,10,0,2,1,1.0
0,0.097790221,48,0,0.185312743,9000.0,5,0,1,0,2.0
0,0.016321977,56,0,0.009579342,2400.0,8,0,0,0,0.0
0,0.195555556,63,0,0.234234234,10322.0,9,0,1,0,0.0
0,0.121089549,70,0,0.569265924,3500.0,12,0,1,0,0.0
0,0.068454391,48,0,0.089739926,6997.0,8,0,0,0,3.0
0,0.291042868,41,0,0.298672212,6250.0,6,0,2,0,0.0
0,0.0,51,0,1579.0,,4,0,2,0,0.0
0,0.687591172,74,0,524.0,,4,0,0,0,0.0
0,0.73006102,54,0,0.409480297,3501.0,9,0,1,0,0.0
0,0.006083283,57,0,2398.0,,16,0,1,0,1.0
0,0.079124123,44,0,0.120843958,20000.0,5,0,1,0,2.0
0,0.286942611,47,0,0.040393013,4579.0,4,3,0,0,2.0
0,0.195233747,74,1,4605.0,,14,0,2,2,0.0
0,0.162324144,46,0,0.189245375,14430.0,13,0,1,0,3.0
0,0.801303162,59,1,0.405673654,13500.0,15,0,1,0,1.0
0,0.957423177,39,0,0.223993515,3700.0,6,1,0,0,2.0
0,0.500046728,41,0,1150.0,,5,0,0,0,0.0
0,0.015154451,51,0,0.254901961,6833.0,7,0,3,0,2.0
0,0.294335089,32,0,0.562859796,5384.0,12,0,1,0,0.0
0,0.000435387,79,0,0.394949141,5701.0,15,0,3,0,0.0
0,0.017031709,80,0,0.207117153,2500.0,4,0,0,0,0.0
0,0.13839308,54,0,82.0,,3,0,0,0,0.0
0,0.011973369,61,0,0.260369815,2000.0,12,0,1,0,0.0
0,0.076651426,61,0,0.05435814,7376.0,7,0,0,0,0.0
0,0.384513148,43,0,0.545589693,4035.0,7,0,1,0,1.0
0,0.9999999,53,0,0.142194745,7116.0,3,0,0,0,0.0
0,0.197626601,25,0,0.031989337,3000.0,6,0,0,0,1.0
0,0.002924252,53,0,0.260869565,3817.0,4,0,1,0,2.0
0,0.027147781,69,0,0.152552553,3329.0,6,0,0,0,0.0
0,0.0,63,0,0.117837089,13000.0,5,0,1,0,2.0
0,0.086938217,43,1,1.129623459,3000.0,5,0,2,0,2.0
0,0.691620559,45,0,0.22193659,3500.0,7,0,0,1,2.0
0,0.015861072,51,0,0.263282009,7208.0,10,0,1,0,0.0
0,0.137322388,42,0,0.489766082,6155.0,15,0,2,0,3.0
0,0.25764905,52,0,0.843187661,3500.0,12,0,1,0,6.0
0,0.118121412,37,0,1007.0,1.0,6,0,2,0,1.0
0,0.329562165,51,0,0.659507778,8613.0,8,0,2,0,3.0
0,0.318730871,62,0,0.551724138,2000.0,9,0,1,0,0.0
0,0.631649113,25,1,0.116025447,3300.0,6,0,0,0,0.0
0,0.024549751,52,0,0.290539123,9533.0,16,0,1,0,3.0
0,0.039203282,62,0,0.047567568,10174.0,7,0,1,0,2.0
0,0.335010076,62,0,0.327952001,16166.0,9,0,2,0,1.0
0,0.286239597,68,0,836.0,,8,0,1,0,0.0
0,0.014323477,76,0,20.0,,2,0,0,0,0.0
0,0.337303364,44,0,627.0,,5,0,0,0,0.0
0,0.26474443,62,0,0.110762415,5416.0,9,0,0,1,1.0
0,0.034217675,50,3,1.141239174,1500.0,8,0,1,0,2.0
0,0.162247449,40,0,940.0,0.0,9,0,2,0,0.0
0,0.007833007,42,0,0.114236344,10416.0,4,0,1,0,0.0
0,0.295807246,45,0,3942.0,,8,0,2,0,0.0
0,0.014854645,55,0,23.0,,5,0,0,0,0.0
0,0.71761177,38,0,0.148313936,3350.0,5,0,0,0,2.0
0,0.241634072,25,0,0.056812204,1900.0,5,0,0,0,0.0
0,0.011549711,52,0,0.298558363,6450.0,11,0,2,0,1.0
1,0.913362213,47,0,0.01975128,4100.0,2,1,0,0,0.0
0,0.077191984,41,0,1894.0,,12,1,2,1,0.0
0,0.9999999,22,0,0.0,100.0,1,0,0,0,0.0
0,0.06309709,42,0,0.007753369,10833.0,2,0,0,0,2.0
1,0.687176198,42,0,0.874524112,6303.0,11,0,3,0,1.0
0,0.160384182,47,0,0.273755344,7250.0,10,0,2,0,0.0
0,0.005150607,81,0,0.117781234,9644.0,16,0,2,0,0.0
0,0.001677392,82,0,0.015789474,189.0,8,0,0,0,0.0
0,0.096699051,44,0,0.549014163,3600.0,3,0,1,0,2.0
0,0.007829819,72,0,81.0,,6,0,0,0,
0,0.0,55,0,0.216216216,8583.0,10,0,1,0,0.0
0,0.014504844,64,0,0.243978784,11500.0,17,0,1,0,0.0
0,0.0,34,0,0.429001808,4978.0,12,0,2,0,0.0
0,0.001582631,97,0,0.001998668,1500.0,15,0,0,1,0.0
0,0.068335636,39,0,0.517102263,5700.0,9,0,1,0,1.0
0,0.332555566,47,0,0.305189652,6300.0,8,0,0,1,2.0
0,0.749172814,32,0,0.303904011,5583.0,7,0,0,0,0.0
0,0.000962927,35,1,0.178748904,6841.0,4,0,1,0,0.0
0,0.0,53,0,0.002856463,4200.0,10,0,0,0,2.0
0,0.037065568,48,0,0.213023614,18166.0,7,0,2,0,0.0
0,0.060961474,41,0,1195.0,,6,0,1,0,
0,0.167660065,28,1,978.0,,9,0,0,0,1.0
0,0.9999999,66,0,0.0,,1,0,0,0,2.0
1,0.787511231,48,2,1.554174067,1688.0,6,1,1,1,3.0
0,0.128178988,46,0,0.054868141,8000.0,8,0,0,0,1.0
0,0.010257556,73,0,2148.0,,9,0,2,0,0.0
0,0.615663613,61,0,1.179663938,2320.0,16,0,1,0,0.0
0,0.772476983,33,2,0.364518828,5974.0,7,0,1,0,3.0
0,0.102169471,36,0,1298.0,,3,0,1,0,
0,0.9999999,40,2,0.566440349,6185.0,9,0,3,1,1.0
0,0.337675694,44,0,0.168548842,7083.0,7,0,1,0,1.0
0,0.450373645,51,1,0.060305659,2420.0,8,0,0,0,0.0
0,0.871324394,57,0,0.356728538,3447.0,5,0,0,0,0.0
0,0.131292,85,0,1430.0,,10,0,1,0,0.0
0,0.035950628,55,1,1562.0,,8,0,1,0,2.0
0,0.076691258,35,0,401.0,,12,0,0,0,0.0
0,0.006540743,52,0,0.147221709,10833.0,8,0,1,0,0.0
0,0.0,75,0,0.447672854,3716.0,8,0,1,0,1.0
0,0.177552176,62,3,0.136813302,4750.0,10,0,0,0,0.0
0,0.23596013,50,0,0.345815662,9666.0,7,0,2,0,2.0
0,0.476617019,46,1,0.458705561,5484.0,8,0,1,4,0.0
0,0.110915563,65,0,124.0,,3,0,0,0,0.0
0,0.9999999,25,0,0.072565716,2700.0,2,0,0,0,0.0
0,0.514817451,48,0,0.764411811,6400.0,19,0,1,0,1.0
0,0.963407319,44,2,4973.0,,8,0,3,2,0.0
0,0.9999999,35,0,0.0,3600.0,1,0,0,0,0.0
1,0.871407594,49,5,0.198790979,4300.0,10,0,0,0,4.0
0,0.515975688,28,0,0.679853795,4650.0,14,0,1,0,0.0
0,0.853341347,39,2,0.387840048,6726.0,9,1,1,0,1.0
0,0.957865441,33,0,0.714609287,7946.0,10,0,2,0,0.0
0,0.421539943,27,2,0.163942308,6239.0,11,0,0,0,0.0
0,0.839115365,51,0,0.247520825,7562.0,22,0,0,0,0.0
0,0.0,42,0,0.628474305,5000.0,5,0,1,0,2.0
0,0.546689561,47,0,0.105417595,18402.0,6,0,1,0,0.0
0,0.774276625,64,0,0.288611017,2958.0,4,0,0,0,0.0
0,0.0,67,0,0.574638278,8500.0,13,0,3,0,0.0
0,0.530253826,63,0,0.886526273,4890.0,12,1,3,0,0.0
0,0.388507433,34,0,0.181026137,4131.0,6,0,0,0,0.0
0,0.178953176,50,0,0.231287425,4007.0,7,0,1,0,0.0
0,0.366654684,50,0,0.538820393,3000.0,14,0,0,0,0.0
0,0.057188562,67,0,0.307786484,4083.0,7,0,1,0,1.0
1,0.0,36,1,799.0,,6,1,0,0,0.0
0,0.9999999,21,0,17.0,,0,0,0,0,
0,0.805889965,59,0,3501.0,,15,1,1,0,0.0
0,0.053813857,47,0,0.336878466,11000.0,14,0,2,0,3.0
0,0.494946219,42,0,837.0,,5,0,1,0,0.0
0,0.117051994,46,0,0.31154307,7510.0,12,0,1,0,5.0
0,0.032514794,68,0,0.010576923,5199.0,5,0,0,0,0.0
0,0.457669478,26,1,0.028647568,1500.0,3,0,0,0,0.0
0,0.0,79,0,682.0,,2,0,1,0,0.0
0,0.0,81,0,0.035971223,1250.0,3,0,0,0,0.0
0,0.239976002,43,0,0.139918577,4666.0,7,0,0,0,2.0
0,0.033332099,41,0,0.223296117,6000.0,6,0,2,0,1.0
0,0.002607529,72,0,0.85198732,4100.0,11,0,2,0,0.0
1,0.992422391,68,0,0.089982004,3333.0,4,0,0,1,3.0
0,0.087365886,46,0,1116.0,,3,0,1,0,1.0
0,0.013023054,92,1,0.049497525,6666.0,7,0,0,0,0.0
0,0.001726366,57,0,1.660678643,500.0,15,0,1,0,0.0
0,0.27864322,71,0,0.194626775,6550.0,18,0,1,0,1.0
0,0.026417418,56,0,0.36116815,4382.0,8,0,1,0,2.0
0,0.530412721,61,0,0.4695102,9166.0,7,0,2,0,0.0
0,0.229443152,78,0,0.303107489,5888.0,15,0,2,0,1.0
0,0.02478121,64,0,7781.0,,14,0,4,0,1.0
0,0.541000777,59,0,3006.0,,17,0,1,0,0.0
0,0.069389734,53,0,245.0,,8,0,0,0,0.0
0,0.353180922,75,0,0.302708262,5833.0,21,0,2,0,0.0
0,0.015160985,62,0,21.0,,6,0,0,0,
0,0.006867304,55,1,0.228442889,4000.0,13,0,1,0,1.0
0,0.814742207,62,1,0.506853227,3501.0,5,0,1,0,1.0
0,0.584796821,35,0,0.070156307,2750.0,8,0,0,0,0.0
0,0.090944055,72,0,484.0,,3,0,0,0,0.0
0,0.911823132,67,0,5908.0,,25,0,1,0,0.0
0,0.504743053,80,0,1.044591082,5000.0,19,0,1,0,0.0
0,0.535771886,47,0,0.375190756,13760.0,21,0,2,0,0.0
0,0.260407226,51,1,0.328386972,5188.0,8,0,0,0,0.0
0,0.140549612,30,0,1116.0,,7,0,1,0,0.0
0,0.9999999,80,0,0.178210603,9600.0,4,0,1,0,0.0
0,0.046085204,37,0,0.474134183,6900.0,10,0,1,0,1.0
0,0.436420598,82,0,1.00860872,3600.0,10,0,1,0,1.0
0,0.003542756,73,0,1652.0,,6,0,2,0,0.0
0,0.0,39,1,0.639951427,4940.0,7,0,2,0,1.0
0,0.880874608,53,0,0.752335085,6851.0,8,0,3,0,2.0
1,0.780626781,59,0,0.017641093,42400.0,6,0,1,0,3.0
0,0.122252142,45,0,0.37681803,9006.0,9,0,1,0,2.0
0,0.154554943,57,0,0.359908483,5681.0,10,0,1,0,0.0
0,0.000568797,93,0,0.0,,7,0,0,0,
0,0.121096055,54,0,0.419228205,13500.0,15,0,2,0,1.0
0,0.026828723,29,0,0.383452068,8000.0,14,0,1,0,0.0
0,0.453801031,66,1,0.919360213,3000.0,19,0,4,0,0.0
0,0.140766419,45,0,0.78459441,4400.0,11,0,1,0,3.0
0,0.328610329,32,0,0.159806699,6000.0,8,0,0,0,1.0
0,0.410527309,40,0,0.492014998,7200.0,9,1,3,0,2.0
0,0.003461405,86,0,9.0,,12,0,0,0,0.0
0,0.063982976,72,0,0.036049682,3300.0,4,0,0,0,1.0
0,0.644550406,38,0,6424.0,,10,0,4,0,0.0
0,0.019108819,62,0,1942.0,,17,0,2,0,2.0
0,0.011896733,68,0,0.514771414,6058.0,13,0,2,0,0.0
0,0.9999999,60,0,0.198521647,10416.0,4,2,1,0,2.0
0,0.9999999,46,0,0.0,,1,0,0,0,3.0
0,0.353603512,76,0,260.0,,4,0,0,0,0.0
1,0.62871442,46,0,0.96383936,6000.0,15,0,2,0,0.0
0,0.023040268,46,0,54.0,,12,0,0,0,0.0
0,0.355284618,70,0,1.112468408,2373.0,8,0,1,0,1.0
0,0.01549845,46,1,0.297987584,24000.0,5,0,2,0,5.0
0,0.022551992,33,0,0.16789736,10833.0,11,0,2,0,0.0
0,0.956695536,33,0,0.324365872,1300.0,3,0,0,1,2.0
0,0.560244328,57,0,0.548444935,14500.0,10,0,2,0,0.0
0,0.223222551,55,1,0.180174431,4700.0,11,0,0,0,0.0
0,0.694456596,60,1,0.523375308,6908.0,10,0,3,0,1.0
0,0.012699365,80,0,187.0,,2,0,0,0,0.0
0,0.099401004,58,0,3592.0,,14,0,1,0,9.0
0,0.9999999,53,1,0.431198347,4839.0,5,3,1,0,1.0
0,0.097831228,51,0,0.36490282,8900.0,6,0,1,0,0.0
0,0.270948757,68,0,0.994357639,4607.0,16,0,2,0,0.0
0,0.146955043,68,0,0.507310345,7249.0,14,0,2,0,0.0
0,0.0,44,0,0.634773295,2800.0,6,0,2,0,1.0
0,0.0,67,0,0.010143457,6900.0,7,0,0,0,0.0
0,0.452551854,29,0,0.274261227,11200.0,9,0,2,0,0.0
0,0.320795143,26,0,0.099875156,800.0,3,0,0,0,0.0
0,0.011591895,88,0,0.00056243,5333.0,2,0,0,0,0.0
0,0.042247888,59,0,0.294095454,5300.0,5,0,2,0,0.0
0,0.018499538,58,0,0.074561404,14591.0,3,0,1,0,0.0
0,0.270722574,59,0,0.262355545,12200.0,12,0,2,0,3.0
0,0.109278443,54,0,1370.0,,5,0,1,0,0.0
0,0.147616813,56,0,0.441958495,3083.0,8,0,1,0,0.0
0,0.135039316,41,0,0.033693489,7033.0,3,0,0,0,1.0
0,0.029751814,81,0,0.319148936,140.0,8,0,0,0,0.0
0,0.069694373,32,0,0.132641292,2600.0,2,0,0,0,0.0
0,0.014466184,74,0,0.082187295,3053.0,2,0,0,0,0.0
0,0.082927091,60,0,138.0,,7,0,0,0,0.0
0,0.025265824,61,0,0.115098322,9000.0,16,0,2,0,0.0
0,0.922781111,29,4,0.21092969,3000.0,7,0,0,0,0.0
0,0.609092727,56,1,715.0,,5,0,0,0,0.0
0,0.322570566,31,1,0.164353137,1800.0,7,0,0,0,1.0
0,0.023553811,58,0,0.240662651,6639.0,11,0,2,0,0.0
0,0.221990348,35,0,0.66568915,3750.0,10,0,2,0,0.0
0,0.228107387,53,0,284.0,,6,0,1,0,1.0
1,0.0,36,0,0.747061208,2466.0,5,2,1,0,0.0
0,0.435809126,55,1,0.380973386,6800.0,25,1,1,1,2.0
0,0.430116569,56,3,4761.0,,6,0,2,0,0.0
0,0.0,57,0,0.111831054,8333.0,19,0,1,0,0.0
0,0.842137431,57,0,0.284242823,4562.0,9,0,1,0,0.0
0,0.225514829,46,0,0.395975057,10583.0,15,0,2,0,3.0
0,0.046875548,46,1,0.335634373,4200.0,6,0,1,0,0.0
0,0.119554288,63,0,0.290696744,12500.0,16,0,1,0,0.0
0,0.156892155,51,0,1692.0,,4,0,1,0,0.0
0,0.033457249,63,0,7331.0,,12,0,3,0,0.0
0,0.100789798,76,0,0.034280817,7000.0,2,0,0,0,0.0
0,0.046189182,51,0,0.340297252,7131.0,5,0,1,0,2.0
0,0.561134622,31,0,0.117191944,8788.0,3,0,0,0,4.0
0,0.0,40,0,0.330556481,3000.0,8,0,1,0,0.0
0,0.272929282,33,0,0.4252812,5600.0,7,0,1,0,2.0
0,0.79274139,52,1,0.190546529,8800.0,8,0,0,0,0.0
1,0.9999999,45,0,309.0,,4,1,0,4,0.0
0,0.0,70,0,0.0,2500.0,1,0,0,0,0.0
0,0.048811483,49,0,0.454463154,5522.0,3,0,1,0,2.0
1,0.846307385,26,0,561.0,,7,0,0,0,0.0
0,0.45625729,35,0,0.589138782,3645.0,4,0,1,0,2.0
0,0.165513452,77,0,0.477237397,4502.0,21,0,1,0,0.0
0,0.033035349,54,0,0.647583133,5833.0,10,0,2,0,1.0
0,0.401344595,55,0,0.086184718,7773.0,15,0,0,0,0.0
0,0.0,48,0,0.552952202,3200.0,4,0,1,0,1.0
0,0.562770462,50,0,0.123812698,6000.0,6,0,0,0,1.0
0,0.508090419,62,0,2746.0,,4,0,1,0,0.0
0,0.96660334,61,1,0.350549817,3000.0,4,0,1,0,0.0
0,0.9999999,46,0,0.4455081,2715.0,5,0,1,0,3.0
0,0.188844858,61,3,0.624159707,4908.0,11,0,3,0,0.0
0,0.195648438,67,0,0.237617745,3290.0,9,0,0,0,1.0
0,0.087562869,52,0,211.0,,12,0,0,0,0.0
0,0.040930888,66,0,60.0,,9,0,0,0,
0,0.752779809,45,0,0.27857266,5800.0,6,0,0,0,0.0
0,0.052419771,64,0,0.210611365,7425.0,20,0,1,0,1.0
0,0.396951128,56,0,0.245596731,14193.0,15,0,2,0,0.0
0,0.904087673,62,0,0.395005097,3923.0,8,0,2,0,0.0
0,0.340258502,54,0,0.955121084,4500.0,12,0,1,0,1.0
0,0.40512932,27,1,0.183376178,3500.0,5,0,0,0,1.0
0,0.827151013,56,1,0.219974716,8700.0,8,0,0,1,1.0
0,0.054098648,34,0,0.370148168,11000.0,9,0,2,0,1.0
0,0.085725714,64,0,6114.0,,9,0,3,0,0.0
0,0.065144675,65,0,82.0,,3,0,0,0,
1,0.9999999,51,4,0.513948605,10000.0,13,0,3,1,3.0
0,0.093456934,68,0,948.0,,9,0,1,0,0.0
0,0.020504755,60,0,41.0,,6,0,0,0,0.0
0,0.690776809,60,4,0.662095565,14000.0,21,0,4,0,2.0
0,0.410445553,34,0,0.210090763,7491.0,6,0,0,0,0.0
0,0.056274651,51,0,30.0,,1,0,0,0,0.0
0,0.914600365,49,2,0.291295186,6168.0,11,0,1,1,1.0
1,0.9999999,39,1,0.20853565,3912.0,3,1,0,0,2.0
0,0.692830717,44,0,0.529277349,3500.0,4,0,1,0,3.0
0,0.562951118,56,0,0.281635374,9000.0,13,0,0,0,0.0
0,3.722981914,59,0,0.117736892,13750.0,8,0,0,0,0.0
0,0.059342781,40,0,0.016309562,3126.0,4,0,0,0,0.0
0,0.238909284,80,0,0.351248164,6809.0,18,0,1,0,1.0
0,0.486799111,75,4,3431.0,,14,0,1,0,1.0
0,0.880699702,57,0,0.407086296,17300.0,13,0,2,0,1.0
0,0.017458301,36,0,0.130174564,4009.0,4,0,0,0,2.0
0,0.005099898,62,0,7.0,,3,0,0,0,0.0
0,0.025049151,51,0,0.263076126,5792.0,9,0,1,0,3.0
0,0.022563232,57,0,0.009373828,8000.0,9,0,0,0,0.0
0,0.025347364,34,0,0.292905272,7568.0,8,0,1,0,3.0
0,0.021043112,41,0,528.0,,10,0,0,0,0.0
0,0.852049317,39,0,0.107639431,6400.0,5,1,0,0,1.0
0,0.180214092,50,0,0.656214497,4400.0,13,0,3,0,2.0
0,0.014192575,35,0,0.06427379,2395.0,4,0,0,0,0.0
0,0.9999999,26,0,0.141021064,2800.0,2,0,0,0,0.0
0,0.524515119,52,0,0.435931308,1513.0,12,0,1,0,3.0
0,0.9999999,26,0,0.30487297,2400.0,5,0,0,0,1.0
0,0.186531942,76,0,0.255441314,7488.0,16,0,2,0,0.0
0,0.013041194,68,0,0.459343795,700.0,8,0,0,0,0.0
0,0.267305855,54,0,0.389169344,4357.0,6,0,1,0,0.0
0,0.9999999,49,0,0.297996272,8583.0,4,0,3,0,0.0
0,0.530551966,71,0,0.412319921,4025.0,11,0,0,0,1.0
0,0.063103941,68,0,209.0,,3,0,1,0,0.0
0,0.03502676,50,0,0.124784854,4647.0,16,0,0,0,0.0
0,0.02215552,62,0,0.31596674,9500.0,6,0,2,0,1.0
0,0.463381795,69,1,2674.0,,10,0,1,0,0.0
0,0.004930864,29,0,2900.0,,8,0,2,0,0.0
0,0.857555143,27,0,0.128884826,4375.0,5,0,0,1,0.0
0,0.9999999,22,98,0.0,,0,98,0,98,0.0
0,0.0,66,0,1.0,,3,0,0,0,
0,0.129838863,71,0,0.343620952,4600.0,12,0,0,0,2.0
0,0.235685399,45,0,0.499924254,6600.0,10,0,2,0,0.0
0,0.518888511,36,0,2992.0,,21,0,0,0,0.0
0,0.079867247,79,0,0.017094017,3509.0,3,0,0,0,0.0
0,0.000306117,60,0,392.0,,7,0,0,0,0.0
0,0.116796282,52,0,0.55368843,12972.0,31,0,3,0,0.0
0,0.178321644,56,0,1.201859628,3333.0,30,0,2,0,0.0
0,0.0,83,0,1.0,,10,0,0,0,
0,0.257645196,56,0,0.214715589,5150.0,4,0,1,0,0.0
0,0.009773795,72,0,0.750208299,6000.0,22,0,2,0,1.0
0,0.093864164,63,0,0.318925552,7333.0,11,0,1,0,0.0
0,0.143171366,82,0,0.006997667,3000.0,3,0,0,0,0.0
0,0.010559846,70,1,0.282226266,6593.0,29,0,1,0,0.0
0,0.925297498,50,0,0.441171219,5600.0,19,0,2,0,0.0
0,0.042212442,63,0,0.007763975,7083.0,7,0,0,0,2.0
0,0.022871837,56,0,0.437804878,4919.0,11,0,2,0,1.0
0,0.174312522,37,0,0.268626796,2992.0,8,0,1,0,3.0
0,0.133476692,66,0,0.349222798,3859.0,10,0,1,0,0.0
0,0.198773497,52,0,0.348192897,9600.0,3,0,1,0,2.0
0,0.317068293,74,0,0.011399088,8333.0,3,0,0,0,0.0
0,0.241312697,48,0,0.345003287,6083.0,14,0,2,0,1.0
0,0.303523548,39,0,0.381197056,7200.0,10,0,1,0,3.0
0,0.0,81,0,32.0,,8,0,0,0,0.0
1,0.9999999,58,98,0.0,2500.0,0,98,0,98,0.0
0,0.561142352,60,0,0.533223201,5447.0,13,0,1,0,0.0
0,0.039191284,61,0,0.172273409,14000.0,13,0,0,0,1.0
1,0.75669905,47,2,0.730104502,4975.0,9,0,2,0,0.0
1,0.9999999,56,3,0.817197134,6000.0,5,1,2,0,1.0
0,0.066742541,25,0,0.662606577,820.0,5,0,0,0,0.0
0,0.053995846,50,0,29.0,,2,0,0,0,0.0
0,0.595296612,32,0,608.5,1.0,5,0,0,0,0.0
0,0.006731879,81,0,0.003715937,2421.0,9,0,0,0,0.0
0,0.867516053,60,0,0.376910017,5300.0,7,1,0,0,0.0
0,0.222643588,40,0,0.050082602,11500.0,4,0,1,0,2.0
1,0.315786384,48,2,0.504326091,5200.0,12,1,1,1,2.0
0,0.039569544,86,0,24.0,,5,0,0,0,
0,0.022664222,68,0,0.016793283,2500.0,7,0,0,0,0.0
0,0.9999999,75,0,0.117647059,4300.0,2,0,0,0,0.0
0,0.204138143,52,0,1036.0,,3,0,1,0,0.0
0,0.737377104,37,0,0.879567915,4350.0,9,0,2,0,3.0
0,0.371729807,57,0,0.489450305,10805.0,12,0,1,0,0.0
0,0.311684845,53,0,0.498000229,8750.0,11,0,2,0,2.0
0,0.0,32,0,0.058840331,3500.0,2,0,0,0,2.0
1,0.9999999,57,98,0.022840119,3020.0,0,98,0,98,0.0
0,0.191116416,45,0,0.600615227,3900.0,10,0,0,0,0.0
0,0.145134948,45,0,0.587820929,32366.0,12,0,6,0,3.0
0,0.065096745,84,0,0.035982009,2000.0,8,0,0,0,0.0
0,0.9999999,61,0,0.0,5116.0,0,0,0,0,0.0
0,0.014199053,53,0,0.34218525,6250.0,3,0,1,0,3.0
0,0.209101258,71,0,0.121893839,6800.0,9,0,1,0,0.0
0,0.123855274,59,0,0.260879002,9214.0,11,0,1,0,0.0
1,0.936877076,48,1,8.0,,5,1,0,0,0.0
0,0.230629242,61,0,2621.0,,10,0,2,0,0.0
0,0.261934516,58,0,0.505432746,2668.0,4,0,2,0,1.0
0,0.02849715,63,0,0.137823372,2241.0,2,0,0,0,0.0
0,0.052697365,70,0,1036.0,,5,0,1,0,0.0
0,0.069026094,70,0,0.013028199,11666.0,5,0,0,0,0.0
0,0.426692473,61,0,3542.0,,12,0,2,0,1.0
0,0.255492412,58,0,0.233741301,12500.0,11,0,2,0,1.0
0,0.40369633,56,1,0.276004218,10430.0,8,0,1,0,0.0
0,0.35638314,45,0,0.508621939,6900.0,7,0,2,0,0.0
0,0.716566866,21,0,0.086378738,300.0,2,0,0,0,0.0
1,0.947442636,28,2,0.271970012,2400.0,7,0,0,0,1.0
0,0.9999999,42,0,0.463774912,4264.0,3,0,1,0,1.0
0,0.422467288,51,0,0.430760499,1761.0,10,0,0,0,2.0
0,0.248772608,57,0,0.274230103,7500.0,7,0,1,0,0.0
0,0.146632383,63,0,1848.0,,8,0,1,0,0.0
0,0.070795989,79,0,394.0,,10,0,0,0,
0,0.022165103,58,2,0.226396917,9341.0,13,0,1,0,1.0
0,0.32938915,43,0,0.732544996,11500.0,13,0,3,0,2.0
0,0.27522463,44,0,0.110907577,12009.0,8,0,0,0,0.0
0,0.464088398,70,0,0.214398043,11445.0,16,0,2,0,1.0
0,0.09221289,71,0,125.0,,5,0,0,0,0.0
0,0.133613717,43,1,0.421048246,12000.0,14,0,3,1,2.0
0,0.0,90,0,0.0,,4,0,0,0,0.0
0,0.120667092,70,0,378.0,,8,0,0,0,0.0
0,0.066623334,63,0,1019.0,,6,0,0,0,0.0
0,0.123168766,58,0,3375.0,,24,0,3,0,0.0
0,0.004885644,39,0,0.860530476,5692.0,16,0,2,0,0.0
0,0.9999999,67,0,1.499092559,550.0,3,0,1,1,0.0
1,0.992403039,22,0,0.029588165,2500.0,1,0,0,0,0.0
0,0.0,71,0,687.0,,8,0,1,0,0.0
0,0.178592421,47,0,0.233776622,10000.0,9,0,2,0,0.0
0,0.06910538,45,0,0.463907219,5000.0,12,0,3,0,2.0
0,0.040401735,66,0,1710.0,,8,0,1,0,2.0
0,0.218356179,53,0,0.180142006,8731.0,9,0,0,0,3.0
0,0.969335378,81,0,2647.0,,10,0,1,0,0.0
0,0.072690911,47,0,0.271189048,6500.0,11,0,2,0,0.0
0,0.028443812,61,0,0.269230769,4471.0,6,0,1,0,0.0
0,0.040351992,47,0,0.608442099,3600.0,7,0,2,0,2.0
0,0.054860177,68,0,0.107435508,6589.0,5,0,1,0,0.0
0,0.258491642,76,0,0.363506517,5600.0,14,0,1,0,0.0
0,0.9999999,47,0,0.220885467,2077.0,6,0,0,0,0.0
0,0.403074646,55,0,0.491286307,15664.0,13,0,2,0,0.0
0,0.195689513,45,0,0.616860308,3700.0,8,0,1,0,2.0
0,0.031035948,57,0,0.33463878,12000.0,20,0,2,0,0.0
0,0.30324175,37,0,0.49996961,16452.0,18,0,3,0,2.0
0,0.900219956,28,0,0.065278758,2833.0,3,0,0,0,1.0
0,0.062493991,49,0,0.477696217,7083.0,7,0,3,0,3.0
0,0.015490672,64,1,1034.0,,7,0,1,0,0.0
0,0.66832302,48,0,0.673579735,13500.0,16,0,3,0,2.0
0,0.00461437,58,1,0.420150462,10500.0,20,0,3,0,0.0
0,0.187003754,50,0,0.587661546,4100.0,5,0,1,0,0.0
0,0.031828305,62,0,0.376435045,3309.0,11,0,1,0,0.0
0,0.027763617,60,0,0.511484402,2916.0,9,0,1,0,0.0
0,0.295722446,48,0,0.48621249,9863.0,15,0,3,0,0.0
0,0.0,51,0,0.339732054,5000.0,8,0,1,0,0.0
0,0.003349833,52,0,4811.0,,11,0,3,0,0.0
1,1.009840943,57,1,0.31874853,4250.0,4,5,0,0,1.0
0,0.9999999,25,0,0.0,,1,0,0,0,0.0
0,0.085025702,42,0,0.365368281,8240.0,12,0,1,0,2.0
0,0.0,61,1,0.305625694,9900.0,8,0,1,0,3.0
0,0.008473238,63,0,0.254913076,5291.0,9,0,1,0,0.0
0,0.0,30,0,183.0,,4,0,0,0,0.0
0,0.113246368,49,0,0.426743832,3282.0,11,0,2,0,0.0
0,0.964452344,38,0,0.504557483,3400.0,5,0,2,0,2.0
0,0.104566608,53,0,0.1433213,2769.0,9,0,0,0,1.0
0,0.780260939,69,0,4708.0,,21,0,1,0,0.0
0,0.771245751,35,0,0.327131352,3600.0,8,0,2,0,0.0
0,0.389154092,49,0,0.541322934,6666.0,12,0,3,0,0.0
0,0.044075395,53,0,0.396587265,8731.0,16,0,2,0,0.0
0,0.019268819,81,0,0.022535211,1419.0,16,0,0,0,0.0
0,0.206259087,63,0,0.140610775,12082.0,12,0,2,0,1.0
0,0.294067648,77,0,0.160427807,4300.0,5,0,0,0,0.0
0,0.016344221,41,0,0.006493506,2771.0,5,0,0,0,4.0
0,0.049802837,61,0,0.529720039,7250.0,10,0,2,0,0.0
0,0.035964036,21,0,0.00116144,860.0,2,0,0,0,0.0
1,0.296703297,32,2,0.262315943,5500.0,10,1,0,0,2.0
0,0.029290088,59,0,0.070388738,6250.0,7,0,0,0,1.0
0,0.66189968,64,1,0.277611652,10366.0,11,1,1,0,0.0
0,0.004652123,73,0,0.003790489,2901.0,10,0,0,0,0.0
0,0.843352179,40,0,0.76619628,6235.0,7,0,2,0,2.0
0,0.004864137,65,0,0.119211168,4512.0,11,0,1,0,0.0
0,0.010060822,63,0,0.20499461,5565.0,11,0,1,0,0.0
1,0.9999999,28,1,0.252291576,2290.0,5,2,0,0,1.0
0,0.9999999,46,0,2.0,,1,0,0,0,0.0
0,0.058529422,63,0,0.014843987,3300.0,4,0,0,0,1.0
0,0.326146058,70,0,0.74652029,5100.0,14,0,2,0,0.0
0,0.080156794,75,0,0.005538121,10833.0,4,0,0,0,0.0
0,0.0,64,0,710.0,,3,0,1,0,0.0
0,0.020939994,73,0,534.0,,4,0,1,0,
1,0.722951803,29,1,0.353021354,2200.0,8,0,0,0,1.0
0,0.193182951,57,0,0.200782269,2300.0,7,0,0,0,0.0
0,0.404079796,45,0,0.386709737,6500.0,5,0,1,0,4.0
0,0.000405974,54,0,0.0,6416.0,2,0,0,0,0.0
0,0.011551807,50,0,0.16575936,9000.0,16,0,1,0,2.0
0,0.9999999,63,0,11.0,,2,0,0,0,0.0
0,0.023074675,73,2,0.535227535,4328.0,13,0,1,0,0.0
0,0.269958468,44,0,0.175830638,3400.0,6,0,0,0,2.0
1,0.9999999,21,0,307.0,,0,0,0,0,
0,1.088631985,36,1,1.406144334,10350.0,20,0,10,0,0.0
0,0.091111855,44,0,0.016882386,5330.0,4,0,0,0,2.0
0,0.004562357,75,0,70.0,,5,0,0,0,
0,0.290576783,60,0,1.325851393,2583.0,15,0,2,0,1.0
0,0.123441753,47,0,3243.0,,14,0,3,0,0.0
0,0.420257131,45,1,346.0,,5,0,0,0,0.0
0,1.0408754,56,0,0.44183078,5483.0,13,0,1,0,0.0
0,0.9999999,29,0,974.0,,2,0,0,0,0.0
0,0.512928229,28,0,0.296064959,1600.0,7,0,0,0,2.0
0,0.003132467,53,0,0.178318473,12000.0,4,0,1,0,3.0
0,0.063159342,42,0,0.11262198,6250.0,4,0,1,0,0.0
0,0.128697956,64,0,0.421830005,10764.0,10,0,3,0,1.0
0,0.417097553,27,0,0.130235602,4583.0,5,0,0,0,1.0
0,0.160542855,41,0,0.180370741,13000.0,12,0,0,0,2.0
0,0.004482449,69,0,2336.0,,6,0,1,0,0.0
0,0.014992415,66,0,0.136602452,4567.0,10,0,1,0,1.0
0,0.03469653,55,0,0.001660854,6020.0,2,0,0,0,1.0
0,0.031232446,81,0,30.0,,6,0,0,0,0.0
0,0.004165799,33,0,200.0,0.0,7,0,0,0,2.0
0,0.018377539,43,0,0.007374078,8000.0,12,0,0,1,3.0
0,0.47700107,72,0,0.502540567,6100.0,9,0,1,0,1.0
0,0.121515139,59,0,0.147512109,4541.0,5,0,1,0,0.0
0,0.005618869,77,0,0.214637579,4262.0,9,0,1,1,0.0
0,0.074892511,54,0,0.012495537,2800.0,5,0,0,0,3.0
0,0.193163565,84,0,0.910071942,833.0,11,0,0,0,0.0
0,0.885087763,53,1,0.357101849,8708.0,6,0,2,0,0.0
0,0.060205825,27,0,0.213865676,3230.0,7,0,0,0,0.0
0,0.212923125,59,1,3299.0,,9,0,2,0,1.0
0,0.060183391,53,0,0.089756834,25167.0,6,0,2,0,1.0
0,0.156131705,52,0,0.126012756,5800.0,5,0,0,0,1.0
0,0.9999999,34,0,0.307057154,7750.0,4,0,1,0,1.0
0,0.052303669,60,0,3833.0,,5,0,2,0,1.0
0,0.797485163,44,0,0.151808032,6000.0,8,0,0,0,0.0
0,0.11397067,35,0,0.667821846,7790.0,16,0,7,0,0.0
0,0.9999999,43,1,0.900915903,1200.0,2,1,1,0,0.0
0,0.003562797,85,0,0.141464104,7075.0,17,0,1,0,0.0
0,0.181638176,35,0,0.566385505,3200.0,11,0,1,0,3.0
0,0.049647518,37,0,0.511641194,7000.0,7,0,2,0,0.0
0,0.025859681,50,0,0.340332697,11000.0,12,0,2,0,3.0
0,0.01013902,30,0,0.00279888,2500.0,4,0,0,0,0.0
0,0.092976268,68,0,81.0,,7,0,0,0,0.0
0,0.020633811,49,0,0.278921641,6750.0,12,1,0,0,4.0
0,0.0,43,0,0.312949986,10416.0,5,0,3,0,3.0
0,0.015618778,47,0,0.317473011,2500.0,8,0,0,0,2.0
1,0.20842108,46,2,0.395489842,9400.0,12,0,3,0,1.0
0,0.031117511,60,0,0.454688525,7624.0,5,0,2,0,0.0
0,0.271854296,32,0,0.161674518,11250.0,9,0,0,0,2.0
1,0.074438202,61,0,0.306088865,14583.0,12,0,4,0,0.0
0,0.132986088,55,0,0.741876846,4400.0,11,0,4,0,0.0
0,0.048996231,66,0,0.022698613,792.0,4,0,0,0,0.0
1,1.857819905,43,1,0.017697081,4350.0,1,0,0,0,2.0
0,0.0,57,0,0.19012954,26786.0,8,0,1,0,3.0
0,0.022020589,43,0,2.499445061,900.0,10,0,2,0,2.0
0,0.791683327,29,0,0.138145315,4183.0,5,0,0,0,0.0
0,0.39513902,44,1,0.361081946,20000.0,11,0,2,0,3.0
0,0.041552001,75,0,45.0,,7,0,0,0,0.0
0,0.09412941,59,0,2263.0,,3,0,1,0,
0,0.024734466,81,0,0.007323944,5324.0,8,0,0,0,0.0
0,0.9999999,53,0,0.0,3700.0,1,0,0,0,1.0
0,0.456154172,48,0,0.03124566,7200.0,1,0,0,0,2.0
0,0.285591298,41,0,0.746659945,3966.0,11,0,2,0,4.0
0,0.062293771,35,0,1130.0,,4,0,1,0,0.0
0,0.380992278,61,0,0.409832693,14583.0,20,0,1,0,2.0
0,0.066286186,38,0,0.187007496,15608.0,20,0,1,0,0.0
0,0.304914798,53,0,0.328474967,12143.0,17,0,3,0,0.0
0,0.012682196,41,0,0.120621543,7593.0,8,0,1,0,0.0
0,0.457699586,49,0,0.535092981,5000.0,12,0,1,0,3.0
0,0.880627984,45,0,0.411248504,15041.0,6,0,2,0,1.0
0,0.237288136,49,0,0.305275186,5250.0,5,0,2,0,1.0
0,0.001439358,59,0,0.276144771,5000.0,9,0,1,0,0.0
0,0.367768445,33,0,0.120185794,5166.0,6,0,0,1,0.0
0,0.9999999,33,0,1.087982404,5000.0,5,0,4,0,0.0
0,0.002549873,85,0,1.0,,2,0,0,0,
0,0.86155976,59,0,0.116463737,5666.0,4,0,0,0,1.0
0,0.334309666,52,1,0.777712438,3400.0,8,0,2,0,0.0
0,0.9999999,58,3,6.586551681,8000.0,15,1,1,1,0.0
1,0.9999999,54,0,0.0,,0,0,0,0,0.0
0,0.00413147,77,0,0.389662416,20468.0,10,0,3,0,0.0
0,0.097266832,81,0,0.004548094,10333.0,3,0,0,0,0.0
0,0.08625688,67,0,0.365132264,4800.0,9,0,1,0,0.0
0,0.300336333,50,0,0.641199572,2800.0,5,0,1,0,0.0
0,0.0,38,0,0.0,,1,0,0,0,
0,0.125823247,52,0,0.180296811,9500.0,4,0,1,0,2.0
0,0.969104952,43,0,0.202851762,3716.0,1,0,0,0,0.0
0,0.03078371,83,0,0.059418458,790.0,3,0,0,0,0.0
0,0.022746003,62,0,0.004204625,2853.0,3,0,0,0,1.0
0,0.000254624,65,0,1682.0,,13,0,2,0,0.0
0,0.118289494,35,0,548.0,,6,0,1,0,0.0
0,0.270065566,44,0,0.483103379,5000.0,14,0,1,0,1.0
0,0.148071524,71,0,0.179985001,12000.0,9,0,1,0,0.0
0,0.584187018,35,0,0.226580591,14250.0,5,0,2,0,0.0
0,0.9999999,43,0,0.0,6200.0,0,0,0,0,0.0
0,0.055194996,43,0,0.011710205,7770.0,7,0,0,0,0.0
0,0.198559148,55,2,0.77991453,6083.0,12,0,2,0,2.0
0,0.018280515,91,0,39.0,0.0,7,0,0,0,0.0
0,0.003050207,61,0,0.255265929,7595.0,15,0,2,0,0.0
0,0.0,51,0,0.0,5053.0,2,0,0,0,0.0
0,0.0,37,0,0.184027338,7900.0,5,0,1,0,5.0
0,0.009320087,70,0,0.313623188,3449.0,7,0,1,0,1.0
0,1.28742515,40,1,0.075517334,3720.0,2,3,0,0,1.0
0,0.300662226,64,0,0.311384088,7000.0,11,0,1,0,0.0
0,0.272482616,45,0,0.110750983,14500.0,7,0,0,0,3.0
0,0.069138298,46,1,0.434596855,11000.0,12,0,1,0,0.0
0,0.089103656,47,0,0.357630273,6447.0,12,0,1,0,0.0
0,0.25454909,75,0,0.802158273,1667.0,10,0,1,0,0.0
0,0.034208615,70,0,2293.0,,9,0,1,0,0.0
1,0.30801787,57,0,0.175508721,13759.0,9,0,2,0,1.0
0,0.0,94,0,0.0,10000.0,2,0,0,0,1.0
0,0.324655331,56,0,0.340049342,7295.0,11,0,2,0,0.0
1,0.0,51,0,0.093255772,5500.0,6,0,0,0,0.0
0,0.161511768,73,3,1.22668985,4600.0,19,2,2,1,0.0
0,0.090522114,67,0,0.225216646,10500.0,19,0,2,0,0.0
0,0.175409184,67,0,0.702510553,4500.0,22,0,2,0,0.0
1,0.839993606,34,1,0.139459709,4330.0,6,0,0,0,0.0
0,0.058564715,63,0,56.0,,4,0,0,0,0.0
0,1.006371247,60,0,0.293594111,9100.0,5,0,1,0,0.0
0,0.047622437,60,0,0.020616431,9700.0,8,0,0,0,2.0
0,0.158087435,61,0,0.130859809,4500.0,13,0,0,0,0.0
0,0.055874809,44,0,0.128881561,10916.0,5,0,1,0,3.0
0,0.037701948,44,0,0.058848736,7000.0,5,0,0,0,0.0
0,0.021554598,66,0,1097.0,,4,0,1,0,0.0
0,0.633710403,41,0,0.184277905,14450.0,9,0,0,0,3.0
0,0.009077403,66,0,0.2292,7499.0,7,0,1,0,1.0
1,0.600470035,37,0,0.151017494,2800.0,5,0,0,0,0.0
0,0.041628331,66,0,0.011712612,7000.0,6,0,0,0,0.0
0,0.0,50,0,0.378817014,13000.0,6,0,2,0,4.0
0,0.846388267,42,0,0.194333599,5011.0,6,0,0,0,0.0
0,0.059836435,71,0,0.73742086,3000.0,24,0,2,1,0.0
0,0.017425882,86,1,8.0,,6,0,0,0,
0,0.144715849,47,0,0.032928943,7500.0,5,0,0,0,1.0
0,0.207652823,81,0,0.009237216,10500.0,4,0,0,0,0.0
0,1.008739076,50,1,0.62927299,4153.0,7,2,1,1,1.0
0,0.219154135,39,0,0.094458988,9167.0,5,0,0,0,0.0
0,0.023855819,42,0,765.0,,8,0,1,0,1.0
0,0.029724257,72,0,1.967140484,5416.0,13,0,7,0,1.0
0,0.42585341,51,1,0.381485951,5800.0,14,0,0,0,3.0
0,0.019147138,85,0,1767.0,,21,0,1,0,0.0
1,1.083075804,62,1,0.524135961,3500.0,9,0,0,0,1.0
0,0.000799947,84,0,0.0,,7,0,0,0,
0,0.223591854,41,0,0.643197459,11333.0,14,0,7,0,0.0
0,0.074210997,58,0,0.536526367,6200.0,12,0,2,0,0.0
0,0.082017485,39,0,0.009845397,13000.0,4,0,0,0,3.0
0,0.9999999,49,0,0.204955444,4600.0,2,1,0,0,1.0
0,0.478369008,38,0,0.425508153,4476.0,6,0,3,0,5.0
0,0.618052428,28,0,0.067386523,5000.0,5,0,0,0,0.0
0,0.9999999,69,0,68.0,,4,0,0,0,0.0
0,0.207056117,37,1,0.532917063,7366.0,17,0,1,0,2.0
1,0.9999999,22,98,0.0,800.0,0,98,0,98,0.0
0,0.034559039,80,0,0.016281063,3500.0,8,0,0,0,0.0
0,0.045785834,44,0,0.926482535,2461.0,18,0,2,0,3.0
0,0.08599181,60,0,0.009522298,6300.0,3,0,0,0,1.0
0,0.15492473,55,0,1318.0,,6,0,1,0,
0,0.138714451,59,0,1651.0,,3,0,1,0,0.0
0,0.0,50,0,0.0,1200.0,4,0,0,0,0.0
0,0.002797453,39,0,0.230863237,9000.0,3,0,2,0,2.0
0,0.616923765,40,0,43843.0,,14,0,1,0,0.0
0,0.870283962,45,0,0.463192101,8000.0,8,0,2,0,0.0
0,0.0,42,0,1.233941515,4000.0,8,0,4,0,1.0
0,0.329063678,63,0,0.317504182,13750.0,13,0,3,0,1.0
0,0.134639562,75,0,0.058594835,3600.0,6,0,0,0,0.0
0,0.028630072,45,0,0.125099421,8800.0,3,0,1,0,3.0
0,0.9999999,34,0,0.0,2781.0,0,0,0,0,2.0
0,0.096149953,38,0,0.140514598,7500.0,4,0,0,0,1.0
0,0.05652873,47,0,59.0,,4,0,0,0,
0,0.9999999,0,1,0.436927179,6000.0,6,0,2,0,2.0
0,0.254840762,59,1,1.171865627,3333.0,16,0,2,0,0.0
0,0.9999999,49,0,0.112720403,3175.0,2,0,0,0,2.0
0,0.039612005,58,0,0.240635641,12333.0,10,0,2,0,2.0
0,0.0,75,0,2022.0,,8,0,2,0,0.0
0,0.074355797,36,0,149.4230769,25.0,8,0,2,0,0.0
1,0.888119954,43,0,0.157022548,3680.0,5,0,0,0,2.0
0,0.0,41,0,0.452283817,12500.0,11,0,4,0,2.0
0,0.06677379,39,0,0.48129106,3500.0,3,0,1,0,0.0
1,0.573796369,36,0,0.322923173,1600.0,8,0,0,1,2.0
0,1.007132668,27,0,0.404624277,864.0,5,0,0,0,0.0
0,0.001597539,56,0,646.0,,2,0,1,0,0.0
0,0.003815949,86,0,0.001349528,5927.0,6,0,0,0,0.0
0,0.005401184,61,0,23.0,,6,0,0,0,0.0
0,0.257163372,78,1,2.523076923,649.0,23,0,1,0,0.0
0,0.508032798,39,0,2.53030303,725.0,5,0,2,0,0.0
1,0.342050336,56,2,0.470570525,6642.0,20,0,1,0,1.0
0,0.003210396,84,0,6.0,,5,0,0,0,0.0
0,0.231903271,50,0,0.335812706,8200.0,10,0,1,0,0.0
0,0.0,40,0,0.095580884,5000.0,9,0,0,0,1.0
0,0.29368963,52,1,8.439873418,315.0,7,0,2,0,2.0
0,0.0,31,0,0.153772225,2080.0,8,0,0,0,0.0
0,0.057049334,68,0,0.299864437,11064.0,7,0,4,0,0.0
0,0.094721389,38,0,0.393989983,5390.0,20,0,2,0,1.0
0,0.00255292,82,0,0.0,,2,0,0,0,0.0
0,0.009568252,35,0,1.185773075,1700.0,13,0,1,0,2.0
0,0.001872956,80,0,782.0,,7,0,1,0,
0,0.665311156,42,0,0.650887574,6083.0,7,0,1,0,2.0
0,0.175377515,48,0,0.264136793,20000.0,6,0,1,0,2.0
0,0.97190281,47,1,0.298211882,5200.0,6,0,1,0,2.0
0,0.16388759,31,0,0.040682415,2285.0,3,0,0,0,1.0
0,0.9999999,49,0,806.0,,2,0,0,0,0.0
0,0.970289959,69,0,0.190936355,3000.0,3,0,0,0,0.0
0,0.193795425,40,1,0.546981208,2500.0,10,0,1,0,0.0
0,0.000335563,55,0,964.0,,7,0,1,0,1.0
0,0.000475311,87,0,1.0,,4,0,0,0,
0,0.650412188,47,0,1346.5,1.0,6,0,0,0,0.0
0,0.020795841,24,0,0.001411433,2833.0,1,0,0,0,0.0
0,0.907163543,40,1,0.389689821,6866.0,11,0,1,0,2.0
0,0.213394171,60,0,3126.0,,20,0,1,0,
0,0.004385837,72,0,3004.0,,11,0,2,0,0.0
0,0.075444993,76,0,2346.0,,10,0,1,0,1.0
0,0.166863136,38,1,0.383077472,2800.0,9,0,1,0,1.0
0,0.000959962,76,0,1947.0,,5,0,2,0,0.0
0,0.376659049,61,0,0.354347451,17400.0,14,0,2,0,1.0
0,0.0,33,0,0.262358023,6250.0,5,0,2,0,2.0
0,0.768105797,51,0,1515.0,,2,0,1,0,3.0
0,0.398717785,71,0,0.722515723,3974.0,14,0,1,0,0.0
0,0.329094183,48,0,0.268591772,7583.0,8,0,0,0,1.0
0,0.02853991,76,0,0.194282293,6680.0,8,0,1,0,1.0
0,0.019366021,72,1,0.004855755,3500.0,5,0,0,0,0.0
0,0.142030346,52,0,0.598436648,5500.0,18,0,3,0,0.0
0,0.9999999,54,0,2858.0,,3,0,1,0,0.0
1,1.053406239,39,0,0.312601088,6800.0,20,0,1,0,2.0
0,0.12451056,62,0,0.556481173,3000.0,8,0,2,0,1.0
0,0.004699765,40,0,0.009178322,4575.0,3,0,0,0,1.0
0,0.129262632,27,0,0.00314911,6350.0,4,0,0,0,2.0
0,0.451092734,45,0,0.448629162,10540.0,8,0,2,0,2.0
0,0.124367227,40,0,0.332907892,4700.0,9,0,0,0,0.0
0,0.9999999,46,0,0.655902004,3591.0,2,0,1,0,2.0
0,0.432608917,63,0,2691.0,,4,0,2,1,0.0
0,0.749097907,75,0,416.0,,6,0,0,1,0.0
0,0.479550682,40,0,0.262263208,18000.0,3,0,2,0,3.0
0,0.075293544,71,0,64.0,,5,0,0,0,0.0
0,0.113551937,64,0,0.170857316,3300.0,8,0,0,0,0.0
0,0.379690578,50,0,0.49241764,5736.0,13,0,1,0,2.0
0,0.007752258,79,0,0.218237705,3903.0,9,0,1,0,1.0
0,0.134408028,45,1,0.318657261,4110.0,10,0,1,1,1.0
0,0.05028161,38,0,0.41909621,5487.0,9,0,1,0,3.0
0,0.063354932,63,1,0.21143763,8200.0,7,0,1,0,0.0
0,0.290809705,56,0,0.370648734,15167.0,25,0,1,0,2.0
0,0.975640793,48,0,0.901569566,3758.0,12,0,1,0,0.0
0,0.590277268,66,1,0.458756874,6000.0,9,0,1,0,0.0
0,0.928214357,30,1,0.027000777,5147.0,1,0,0,0,3.0
0,0.560065239,44,0,0.118126965,23533.0,11,0,0,0,0.0
0,0.201479852,31,0,0.34985791,3166.0,9,0,1,0,0.0
0,0.033838122,74,0,52.0,,8,0,0,0,0.0
0,0.223976424,64,0,0.391277181,8001.0,6,0,2,0,0.0
0,0.017333837,66,0,0.010278114,6615.0,8,0,1,0,0.0
0,0.818020015,39,2,0.637759224,3712.0,8,0,0,0,0.0
0,0.067773306,78,0,0.156868989,15700.0,7,0,1,0,1.0
0,0.025459356,63,0,0.326794591,18708.0,30,0,3,0,1.0
0,0.622771519,30,3,0.394499549,4435.0,7,0,1,0,1.0
0,0.014710953,51,0,845.0,,4,0,1,0,0.0
0,0.347069241,67,0,0.552445401,3250.0,8,0,1,0,1.0
0,0.305619427,55,2,0.325650369,11800.0,15,0,2,0,2.0
0,0.674704303,44,0,0.423958907,5450.0,9,0,2,0,1.0
0,0.023995201,69,0,353.0,,4,0,0,0,0.0
0,0.9999999,22,0,0.201865423,1500.0,1,0,0,0,0.0
0,0.033391335,57,0,0.316239316,6083.0,6,0,2,0,0.0
0,0.097072573,68,0,1144.0,,4,0,1,0,0.0
0,0.9999999,80,0,0.0,,4,0,0,0,
0,0.13578126,49,0,1480.0,,18,0,1,0,0.0
0,0.073446574,58,0,856.0,,5,0,1,0,
0,0.9999999,28,0,0.0,,0,3,0,0,
0,0.008690143,56,0,0.328863606,7382.0,14,0,2,0,0.0
0,0.0,57,0,0.0,8800.0,1,0,0,0,1.0
0,0.094968344,49,0,0.004181913,1912.0,1,0,0,0,0.0
0,0.374794612,57,0,0.112760557,13000.0,8,0,0,0,0.0
0,0.057384174,47,0,0.886022795,5000.0,12,0,2,0,0.0
0,0.0,53,0,0.006516588,3375.0,5,0,0,0,0.0
0,0.039499013,52,0,0.642686994,2098.0,7,0,1,0,0.0
1,0.487586383,32,3,0.376897445,2700.0,9,2,0,3,0.0
0,0.03718297,69,4,0.254767517,4666.0,13,0,1,0,0.0
0,0.9999999,49,0,0.451419432,2500.0,4,0,0,0,0.0
0,0.71680944,49,0,0.29318542,8833.0,4,0,1,0,0.0
0,0.103712187,47,0,0.34396906,4136.0,11,0,1,0,2.0
1,0.329877908,48,0,0.402533374,13183.0,7,0,2,0,2.0
0,0.9999999,74,0,0.535235732,4029.0,6,0,1,0,0.0
0,0.201663466,67,0,882.0,,6,0,1,0,0.0
0,0.425983925,70,0,0.08447888,4000.0,6,0,0,0,0.0
0,0.912711017,67,0,0.282743451,5000.0,6,0,0,0,0.0
0,0.106735078,85,1,0.057825485,5775.0,5,0,0,0,0.0
0,0.010073103,50,0,0.253749056,9268.0,7,0,2,0,2.0
0,0.210858301,58,0,251.0,,3,0,0,0,1.0
0,0.738545657,40,0,0.474944934,3631.0,10,0,0,0,0.0
0,0.04753978,53,0,0.394813238,5166.0,8,0,2,0,0.0
0,0.279921652,57,0,0.412625096,7793.0,10,0,2,0,0.0
1,0.9999999,60,2,0.462719298,2735.0,3,0,1,0,3.0
0,0.716414179,53,0,0.376412024,5222.0,4,0,2,0,0.0
0,0.142665932,41,0,3201.0,,8,0,1,0,0.0
0,0.0,31,1,0.194046808,4400.0,10,0,0,0,1.0
0,0.012287803,59,0,23.0,,8,0,0,0,0.0
0,0.046901617,61,0,0.633949847,8812.0,8,0,3,0,0.0
0,0.0,57,0,0.156227502,4166.0,3,0,1,0,0.0
0,0.676419527,57,2,0.306154537,13355.0,8,0,1,0,0.0
0,0.036765808,60,0,0.141090825,8653.0,5,0,1,0,1.0
0,0.019748525,58,0,0.240788933,7300.0,8,0,1,0,0.0
0,0.117322067,70,0,140.0,,1,0,0,0,0.0
0,0.9999999,31,0,0.004196871,2620.0,0,1,0,0,2.0
0,0.277976334,43,1,0.300095572,9416.0,17,0,2,0,0.0
0,0.0,31,0,0.001445684,4841.0,2,1,0,1,3.0
0,0.01557933,61,0,48.0,,23,0,0,0,0.0
0,0.288493001,31,0,0.072705241,3300.0,3,0,0,0,0.0
0,0.00574175,67,0,0.002332556,3000.0,5,0,0,0,0.0
1,0.064123591,65,0,0.446031746,1889.0,6,0,1,0,0.0
0,0.05775328,37,0,0.00777605,4500.0,1,0,0,0,3.0
0,0.134711898,54,1,0.285340909,8799.0,10,1,2,0,2.0
0,0.0,26,0,0.378197998,898.0,2,0,0,0,0.0
0,0.670774203,47,0,0.322836538,4159.0,7,0,1,0,0.0
0,0.047190562,25,0,0.003249188,4000.0,3,0,0,0,0.0
0,0.024125691,57,0,0.004273973,9124.0,5,0,0,0,1.0
0,0.9999999,57,2,0.055990668,6000.0,1,0,0,0,0.0
0,0.147352918,76,0,1180.0,,5,0,1,0,0.0
0,0.81119138,45,4,0.158851537,6930.0,7,0,0,0,2.0
0,0.0,55,0,0.423394151,4000.0,9,0,1,0,0.0
1,0.120240237,43,0,0.477932212,4100.0,16,1,1,0,3.0
0,0.244065375,54,0,0.04132415,4500.0,7,0,0,0,2.0
0,0.109344651,62,0,226.0,,7,0,0,0,0.0
0,0.301152442,46,0,0.254661625,7668.0,10,0,1,0,3.0
0,0.0,44,0,0.477124183,2600.0,3,0,1,0,0.0
0,0.966675923,60,0,1207.0,,6,0,1,0,0.0
0,0.012046296,46,0,0.347844199,4800.0,4,0,1,0,2.0
0,0.001343847,73,0,0.058920887,6041.0,9,0,1,0,0.0
0,0.0,66,2,0.279759036,4149.0,8,0,1,0,3.0
0,0.0,64,0,0.164980864,7315.0,7,0,1,0,1.0
0,0.946668444,49,0,1.223695112,2413.0,6,0,1,0,0.0
0,0.0,50,0,0.636600739,4600.0,4,0,1,0,1.0
0,0.06009442,69,1,1562.0,,8,0,1,0,0.0
0,0.9999999,50,0,0.241507499,7800.0,3,0,2,0,2.0
0,0.14881565,78,0,0.186468922,6000.0,18,0,1,0,0.0
0,0.00059381,73,0,0.303391384,3272.0,10,0,1,0,0.0
0,0.092283078,37,0,0.096723706,9583.0,5,0,2,0,3.0
0,0.9999999,56,0,3221.0,,3,0,1,0,0.0
0,0.890849296,55,0,0.337141468,16455.0,14,0,1,0,3.0
0,0.971772304,32,1,0.481253605,5200.0,10,0,1,0,1.0
0,0.52505486,35,0,0.535377583,10500.0,14,0,2,0,1.0
0,0.005912062,40,0,10.0,,4,0,0,0,0.0
0,0.033343565,50,0,506.0,,13,0,1,0,0.0
0,0.015256925,67,0,1535.0,,14,0,1,0,0.0
0,0.528606423,58,0,2718.0,,10,0,1,0,0.0
0,0.0,53,0,0.470652935,10000.0,6,0,2,0,3.0
0,0.0,50,0,0.0,,3,0,0,0,0.0
0,0.306845004,41,0,0.691913511,8000.0,6,0,2,0,1.0
0,0.032806737,52,0,0.209671555,8250.0,6,0,1,0,0.0
0,0.138974199,49,0,0.946931241,2166.0,14,0,2,0,2.0
0,0.724461941,38,0,0.383682176,7500.0,7,0,1,0,1.0
0,0.236176382,35,0,0.021257212,3292.0,2,0,0,0,1.0
0,0.019811546,56,0,0.067488752,6000.0,19,0,1,0,0.0
1,0.71314741,25,0,0.144663334,3400.0,2,2,0,1,0.0
0,0.031308619,35,0,0.74385123,3333.0,14,0,1,0,0.0
0,0.170572565,59,0,0.159903341,12000.0,5,0,1,0,2.0
0,0.550448318,52,0,0.515559458,10250.0,9,0,3,0,0.0
0,1.051792829,40,1,444.0,,2,1,0,0,0.0
0,0.763895971,47,1,0.019945603,2205.0,2,0,0,0,0.0
0,0.048594264,43,0,0.544163064,8094.0,11,0,2,0,2.0
0,0.9999999,50,1,0.177332682,2046.0,2,0,0,0,0.0
0,0.137993429,39,0,0.310157195,6615.0,7,0,1,0,2.0
0,0.000874973,47,0,1702.0,,5,0,0,0,0.0
0,0.0,57,0,3464.0,,18,0,1,0,0.0
0,0.168990729,74,0,0.324279287,6000.0,10,0,1,0,1.0
0,0.09808129,49,0,0.343577397,7060.0,9,0,2,0,1.0
0,0.0,53,0,0.10480665,8300.0,13,0,0,0,0.0
0,0.310141261,81,0,0.186080857,5416.0,6,0,1,0,0.0
0,0.9999999,24,0,716.0,,3,0,0,0,1.0
0,0.113772455,86,0,1.0,,2,0,0,0,0.0
0,0.00618047,74,0,0.310732698,6400.0,14,0,1,0,0.0
0,0.092287617,61,0,0.229436075,7500.0,23,0,2,0,2.0
0,0.001360086,64,0,2.088227943,4000.0,14,0,3,0,0.0
0,0.025749356,64,0,0.002856871,10500.0,1,0,0,0,0.0
0,0.015533493,51,0,0.341898721,9300.0,13,0,2,0,1.0
0,0.9999999,34,0,0.566208083,2325.0,8,0,1,0,0.0
1,0.502339612,45,0,0.670501411,4606.0,11,0,1,0,0.0
0,0.182545436,47,0,0.407001667,8397.0,6,0,1,0,3.0
1,1.02055968,55,1,0.339822158,4160.0,5,0,1,1,0.0
0,0.001266624,65,0,1.0,,5,0,0,0,
0,0.228305823,51,0,0.317894495,8700.0,12,0,2,0,2.0
0,0.998365542,41,2,0.634497252,6185.0,11,0,3,0,3.0
0,0.028229872,85,0,1.023313905,1200.0,12,0,1,0,0.0
0,0.832695792,47,2,657.0,,6,0,0,3,0.0
0,0.056786302,34,0,0.175074184,7750.0,14,0,2,0,0.0
0,0.029132576,68,0,0.008222093,10337.0,10,0,1,0,1.0
0,0.017479642,55,0,904.0,,4,0,1,0,
0,0.0,92,0,0.0,,1,0,0,0,0.0
0,0.096421321,57,0,95.0,,5,0,0,0,0.0
0,0.00337544,45,0,1854.0,,7,0,1,0,0.0
0,0.702493864,63,0,0.582162622,4697.0,8,0,2,0,1.0
0,0.550778076,40,0,0.287658593,4334.0,9,0,0,0,1.0
0,0.9999999,24,1,0.120055517,1440.0,2,0,0,0,0.0
0,0.667771474,27,0,0.274493002,3500.0,8,0,0,0,2.0
0,0.052949084,85,0,0.009228994,5200.0,3,0,0,0,0.0
0,0.022130383,24,0,0.640682095,820.0,6,0,0,0,0.0
0,0.054521399,80,0,52.0,,5,0,0,0,0.0
0,0.0,36,0,0.297351182,3510.0,7,0,1,0,2.0
0,0.219351624,37,0,0.439532681,9500.0,7,0,2,0,3.0
0,0.377753225,31,1,0.286778819,8856.0,14,0,2,0,0.0
0,0.024534818,45,0,0.282101549,5100.0,4,0,1,0,0.0
0,0.006605598,65,1,0.263000272,7345.0,15,0,3,0,1.0
0,0.023180759,69,1,0.004286395,6298.0,4,0,0,0,1.0
0,0.9999999,23,0,0.0,1564.0,1,0,0,0,0.0
0,0.002122881,61,0,0.378457447,7519.0,19,0,2,0,0.0
1,0.9999999,27,1,0.180546302,1500.0,1,0,0,0,0.0
0,0.9999999,55,1,0.296968527,5178.0,9,0,1,0,0.0
0,0.9999999,49,0,0.0,,0,0,0,0,0.0
0,0.052468249,51,0,0.538227045,8200.0,6,0,2,0,1.0
0,0.747649731,59,1,0.583119736,10923.0,7,0,1,0,1.0
0,0.042478974,81,0,497.0,,7,0,0,0,0.0
0,0.21695296,66,0,0.071685663,3333.0,4,0,0,0,1.0
0,0.0,25,0,0.633373934,820.0,3,0,0,0,0.0
0,0.355891117,40,0,0.279944011,5000.0,5,0,0,0,2.0
1,0.618129534,67,2,0.74355659,11600.0,10,0,3,0,1.0
0,0.071573975,48,0,1.460769615,2000.0,11,0,1,0,0.0
0,0.876970768,39,0,0.134162209,6916.0,10,0,0,0,1.0
0,0.17723523,54,0,6961.0,,11,0,8,0,0.0
0,0.909096182,46,0,0.408053813,11000.0,11,0,0,0,3.0
0,0.006671051,56,0,0.295139973,9608.0,16,0,2,0,1.0
0,0.285742024,75,0,0.960485599,4200.0,10,0,1,0,0.0
0,0.090445157,74,0,2376.0,,5,0,1,0,0.0
0,0.310076467,37,0,0.255326195,9058.0,7,0,1,0,0.0
0,0.490329202,32,0,0.131642288,5400.0,5,0,0,0,0.0
0,0.007232834,68,0,101.0,0.0,7,0,0,0,0.0
0,0.007999878,65,0,15.0,,13,0,0,0,0.0
0,0.091786053,48,0,0.255955532,11333.0,18,0,2,0,0.0
0,0.9999999,56,0,0.195792301,11169.0,5,0,1,0,1.0
0,0.013610742,59,0,0.381959126,4256.0,8,0,1,0,4.0
0,0.101042926,75,0,0.2314854,4725.0,15,0,1,0,1.0
0,0.001450271,65,0,0.192450616,5112.0,5,0,1,0,0.0
0,0.14203046,64,0,0.142474558,5600.0,7,0,0,0,1.0
0,0.018342181,42,1,1.213939041,5150.0,13,0,2,0,0.0
0,0.031163934,35,0,0.414226539,7000.0,7,0,3,0,0.0
0,0.106929092,61,0,1077.0,,25,0,2,0,0.0
0,0.068024063,71,0,2174.0,,12,0,1,0,1.0
0,0.84490946,60,0,0.357151076,8690.0,6,0,1,0,2.0
0,0.656343656,23,0,0.011867583,1600.0,1,0,0,0,1.0
0,0.033499015,44,1,0.264764698,7500.0,10,0,1,0,2.0
0,0.75055604,41,0,4081.0,,8,0,1,0,3.0
0,0.000721853,55,0,0.756813417,6200.0,11,0,2,0,0.0
0,0.02628736,66,0,28.0,,7,0,0,0,0.0
0,0.324517776,34,0,1.154993515,3083.0,11,0,2,0,1.0
0,0.088536546,80,1,0.262975779,2600.0,17,0,1,0,0.0
0,0.878704043,57,0,0.433787844,8653.0,10,0,2,0,0.0
0,0.147220581,50,0,0.560725237,7500.0,4,0,1,0,2.0
0,0.425048367,57,0,0.656557998,7913.0,10,0,2,0,1.0
1,1.161118509,52,4,0.581637072,2308.0,7,2,1,1,3.0
0,0.002198504,64,0,2318.0,,6,0,1,0,1.0
0,0.002162459,70,0,0.295852074,4001.0,8,0,1,0,0.0
0,0.10910359,62,0,0.51242236,4185.0,18,0,1,0,0.0
0,0.291819198,36,0,1.199120352,2500.0,11,0,2,0,0.0
0,0.9999999,63,0,2417.0,,8,0,1,0,0.0
0,0.9999999,49,0,0.0,2916.0,0,0,0,0,3.0
0,0.043461431,53,0,0.317954578,7000.0,9,0,2,0,1.0
0,0.007041936,66,0,0.206385037,3100.0,14,0,0,0,1.0
1,0.954292244,51,0,0.494876533,5952.0,9,1,2,0,1.0
0,0.016828149,40,0,0.006498917,6000.0,11,0,0,0,0.0
0,0.004686543,83,0,0.23840041,3900.0,8,0,1,0,0.0
0,0.0,62,0,0.322899277,7187.0,9,0,1,0,0.0
0,0.495864307,65,0,0.21808269,2200.0,13,0,0,0,0.0
0,0.0,48,1,0.560394784,11043.0,7,0,3,0,3.0
0,0.066899337,26,0,0.381190368,2200.0,13,0,0,0,0.0
0,0.793567857,43,2,6784.0,0.0,14,0,3,0,1.0
0,0.402486879,62,0,0.474964006,6250.0,10,0,2,0,1.0
0,0.22241798,83,0,0.210679869,11310.0,7,0,2,0,0.0
0,0.149629605,32,0,0.301726749,3300.0,7,0,0,0,0.0
0,0.0795554,61,0,821.0,,4,0,1,0,0.0
0,0.406587688,53,0,0.173823676,18000.0,14,0,0,0,2.0
0,0.210757619,46,0,198.0,,3,0,0,0,
0,0.024308945,61,0,0.131221211,8900.0,12,0,1,0,0.0
0,0.193217061,63,0,863.0,,9,0,0,0,0.0
0,0.46561193,50,0,0.310209312,11704.0,18,0,2,0,3.0
0,0.592200967,57,0,0.488303989,28000.0,20,0,3,0,1.0
0,0.0,30,1,0.678464307,5000.0,13,0,2,0,0.0
0,0.009235196,70,0,0.124915749,4450.0,17,0,2,0,0.0
0,0.032768056,88,0,342.0,,2,0,1,0,
0,0.855420534,27,0,870.0,,15,0,0,0,0.0
0,0.0,47,1,0.544278273,5950.0,11,0,3,0,4.0
0,0.340517405,69,0,0.726255653,4200.0,8,0,1,0,0.0
0,0.008287427,55,0,0.115171335,7032.0,8,0,1,0,0.0
0,0.874334911,49,4,2146.0,,9,4,1,0,0.0
0,0.130675878,47,0,1.355361596,1603.0,3,0,2,0,0.0
0,0.196788144,46,0,0.275798412,10833.0,7,0,2,0,3.0
0,0.195492702,64,0,0.506415597,6000.0,16,0,2,0,1.0
0,0.0,48,0,0.0,,2,0,0,0,0.0
0,0.0,56,0,0.02309769,10000.0,3,0,0,0,1.0
0,0.04424295,53,1,1.340975897,1700.0,16,0,2,1,0.0
0,0.0,49,0,0.342692585,4166.0,7,0,2,0,3.0
0,0.951309549,67,1,11600.0,,9,0,2,1,0.0
0,0.001281723,42,1,0.240656986,4200.0,3,1,1,1,2.0
0,0.066580175,78,1,3156.0,,17,0,3,0,0.0
0,0.0,48,0,0.221781765,4792.0,6,0,1,0,0.0
0,0.970004285,51,1,0.145136486,5201.0,5,0,1,0,1.0
0,0.065724362,58,0,0.177323181,10900.0,12,0,2,0,0.0
0,0.9999999,62,0,0.0,3453.0,0,0,0,0,0.0
1,0.60459885,28,0,0.233850595,2770.0,5,1,0,0,0.0
0,0.021895553,33,0,5.959360426,1500.0,10,0,1,0,0.0
1,1.449251248,49,0,0.162706983,4166.0,3,0,0,3,0.0
0,0.078953666,52,0,2667.0,,9,0,2,0,2.0
0,0.036448324,49,0,0.10474334,7694.0,4,0,1,0,2.0
0,0.009037581,66,0,0.43739089,6300.0,7,0,1,0,0.0
0,0.025387962,24,0,10.0,,3,0,0,0,0.0
0,0.450273056,59,1,0.446010511,4185.0,8,0,2,0,0.0
0,0.006743041,74,0,1109.0,,10,0,1,0,0.0
0,0.196468417,32,0,0.476511655,8450.0,8,0,6,0,0.0
0,0.538606765,57,0,0.145332855,8366.0,6,0,0,0,1.0
0,0.070773663,84,2,1332.0,,9,1,1,0,0.0
0,0.103181556,32,0,0.38293825,6833.0,14,0,1,0,1.0
0,0.007497917,32,1,0.094283593,4040.0,2,0,0,0,1.0
0,0.812767041,55,0,0.394644936,12025.0,12,0,2,0,2.0
0,0.0412714,60,0,0.015687393,3505.0,7,0,0,0,0.0
0,0.0,63,0,0.24150905,9833.0,5,0,1,0,1.0
0,0.886111273,45,1,0.430775316,7583.0,13,3,2,0,3.0
0,0.554681861,70,0,1.069498069,4920.0,15,0,2,0,0.0
0,0.386654463,70,0,0.528301887,4875.0,12,0,1,0,0.0
0,0.420357669,40,0,0.988191423,1608.0,8,0,1,0,1.0
0,0.34899591,40,1,0.362204724,8000.0,14,0,2,0,0.0
0,1.034988337,40,1,0.015285996,6083.0,1,0,0,0,0.0
0,0.475620822,36,0,0.503681484,7333.0,18,0,1,0,1.0
0,0.062410967,64,0,0.254308337,6440.0,13,0,0,0,0.0
0,0.9999999,46,0,0.363340622,18750.0,7,0,2,0,0.0
0,0.009982676,73,0,0.169719828,3711.0,6,0,1,0,0.0
0,0.023070879,58,0,0.56238574,4375.0,10,0,1,0,1.0
0,0.517020503,63,0,2202.0,,7,0,2,0,0.0
0,0.483279904,42,0,0.567429071,8000.0,8,0,2,0,3.0
0,0.325831361,72,0,0.620641562,3584.0,23,0,1,0,0.0
0,0.002526183,53,0,0.516847516,1750.0,5,0,1,0,2.0
0,0.129572254,65,0,0.537125061,6100.0,23,0,1,0,2.0
0,0.095954335,64,0,0.251315513,4750.0,8,0,0,0,0.0
1,0.585918477,54,0,3.041366906,1667.0,13,0,3,0,2.0
0,0.002867389,89,0,0.001850139,4323.0,5,0,0,0,0.0
0,0.959258622,46,0,0.189431877,5790.0,10,0,0,0,3.0
0,0.032624592,67,3,0.008399695,9166.0,8,0,0,0,1.0
0,0.076269984,56,0,0.170266379,8333.0,7,0,1,0,0.0
0,0.138126498,46,0,0.176647672,9300.0,9,0,1,0,2.0
1,0.504523092,62,0,0.153018605,7900.0,4,0,0,0,0.0
0,0.582944704,39,0,127.0,,3,0,0,0,0.0
0,0.032999507,65,0,1497.0,,8,0,1,0,
0,0.333209153,38,0,0.231868714,11333.0,5,0,1,0,2.0
0,0.008235009,58,0,0.468265867,2000.0,3,0,1,0,1.0
0,0.931675402,37,1,0.271675475,7000.0,8,0,0,0,2.0
0,0.0,30,0,0.466844385,3000.0,4,0,1,0,0.0
0,0.059141863,35,0,0.50029994,3333.0,12,0,2,0,0.0
0,0.420346215,38,0,1.365630713,4375.0,12,0,2,0,2.0
0,0.0,63,0,0.0,5000.0,1,0,0,0,0.0
0,0.423687266,69,0,0.205025573,4496.0,4,0,0,0,1.0
1,1.070679073,61,0,488.0,,9,0,0,0,0.0
0,0.42071494,33,0,0.170487948,1700.0,4,0,0,0,1.0
0,0.008666254,29,0,1768.0,,7,0,2,0,
0,0.756769729,38,0,0.693017533,3250.0,5,0,1,0,1.0
0,0.11240869,51,0,0.112539274,3500.0,3,0,0,0,0.0
0,0.065752079,37,0,0.138445808,4889.0,5,0,0,1,2.0
0,0.0,62,0,0.066320739,18500.0,8,0,3,0,2.0
0,0.472477841,63,0,3122.0,,9,1,1,0,1.0
0,0.031637161,45,0,0.55873204,6750.0,16,0,4,1,4.0
0,0.310984308,54,0,0.480525575,2130.0,7,0,1,0,0.0
0,0.622282898,56,0,0.572396001,3100.0,9,0,1,0,0.0
0,0.9999999,33,0,0.456089277,2060.0,5,0,1,0,0.0
0,0.9999999,40,0,0.009696459,2371.0,1,0,0,1,0.0
0,0.008821836,70,0,0.004745255,4003.0,3,0,0,0,0.0
0,0.645416675,51,0,0.866997871,7044.0,11,0,3,0,0.0
0,0.0,37,0,0.136563877,1815.0,3,0,0,0,1.0
0,0.06351938,55,0,0.85228189,6200.0,14,0,3,0,2.0
0,0.9999999,48,0,0.084085237,5208.0,2,0,0,0,2.0
0,0.483002979,63,0,0.533617662,3985.0,21,0,1,0,0.0
0,0.9999999,70,0,0.078730317,4000.0,3,0,0,0,2.0
0,0.538922156,32,0,0.004514673,1771.0,1,0,0,0,0.0
0,0.429142714,45,0,0.261512223,5276.0,7,0,0,0,2.0
0,1.007649618,60,5,0.726636682,2000.0,10,0,0,0,0.0
0,0.78806151,51,0,0.503086688,11500.0,8,0,1,0,2.0
0,0.9999999,86,0,1.0,,2,0,0,0,0.0
1,1.035464302,57,5,0.71487029,12951.0,5,7,3,1,2.0
0,0.671696055,52,1,0.259438028,5800.0,6,1,1,0,1.0
0,0.01585557,64,0,0.112411607,4100.0,10,0,1,0,0.0
0,0.023375222,69,0,1414.0,,10,0,1,0,0.0
0,0.107817187,69,0,0.007732302,7500.0,7,0,0,0,0.0
0,0.032014869,69,0,0.00719856,5000.0,5,0,0,0,0.0
1,0.000416931,53,0,0.482013474,7866.0,15,0,3,0,1.0
0,0.204476783,54,0,0.295569912,4333.0,16,0,0,0,0.0
0,0.934703348,35,0,0.311672082,4000.0,7,0,0,0,3.0
0,0.242702936,56,0,0.557639703,5117.0,12,0,1,0,1.0
0,0.201521066,35,0,0.459588848,3550.0,8,0,1,0,2.0
0,0.089671964,33,0,0.042056816,6300.0,4,0,0,0,0.0
0,0.780555447,56,0,0.590520474,6666.0,18,0,1,0,0.0
0,0.129668965,31,0,0.296861983,3600.0,9,0,1,0,0.0
0,0.053416439,42,0,0.611186166,3700.0,21,0,2,0,2.0
0,0.094938384,57,0,0.236189285,4796.0,7,0,1,0,1.0
0,0.491402789,44,0,0.471579176,9200.0,9,0,2,0,4.0
0,0.072870446,39,0,0.019724399,3700.0,4,0,0,0,0.0
0,0.139501826,49,0,0.471950321,9500.0,11,0,3,0,2.0
0,0.32630355,55,0,2864.0,,10,0,1,0,2.0
0,0.098445078,67,0,2486.0,,7,0,4,0,0.0
0,0.59170526,59,0,0.413179705,4946.0,9,0,1,0,2.0
0,0.022606238,36,0,0.367213693,5666.0,5,0,2,0,1.0
0,0.0,33,0,0.058117835,3750.0,8,2,0,0,0.0
0,0.876222907,39,0,0.555896387,2933.0,6,0,1,0,3.0
0,0.022201244,59,0,0.062253743,3806.0,14,0,0,0,0.0
0,0.005104824,65,0,0.250833269,12900.0,17,1,2,0,0.0
1,0.733726627,56,2,1.499583403,6000.0,11,0,4,0,3.0
0,0.868832109,80,0,1791.0,,5,0,0,0,0.0
0,0.046865104,58,0,1973.0,,4,0,2,0,0.0
0,0.634209221,55,0,0.44848638,23750.0,22,0,2,0,0.0
0,0.044717464,75,0,3451.0,,14,0,2,0,2.0
0,0.502876144,44,0,1083.0,,9,0,0,0,0.0
0,0.122410625,34,0,0.754998901,4550.0,10,0,2,0,0.0
0,0.59568957,50,0,0.330207292,37000.0,13,0,4,0,4.0
0,0.0,23,0,0.089967869,2800.0,2,0,0,0,0.0
0,0.030426371,53,0,484.0,,8,0,0,0,1.0
0,0.900344406,49,1,0.535488171,3000.0,10,0,2,0,1.0
0,0.081968177,78,1,82.0,,6,0,0,0,0.0
0,0.017119956,64,0,0.095854161,3400.0,7,0,1,0,0.0
0,0.09955656,33,0,1825.0,,4,0,1,0,0.0
0,0.449577552,39,0,0.52111972,4000.0,12,0,2,0,2.0
0,0.344960986,60,1,0.331073849,2802.0,10,0,1,1,0.0
0,0.889843515,48,0,0.604903943,3955.0,13,0,0,0,0.0
0,0.0,72,0,133.0,,8,0,1,0,0.0
0,0.641094524,57,0,0.642930014,4900.0,9,0,1,0,1.0
0,0.960601784,70,1,4744.0,,19,0,2,0,1.0
0,0.921933391,54,0,0.442975207,5444.0,8,0,0,0,1.0
0,0.24227042,27,0,0.077317473,4875.0,5,0,0,0,2.0
0,0.045780654,42,0,1610.0,,6,0,1,0,2.0
1,0.9999999,47,0,27.0,,0,1,0,0,0.0
1,0.005293806,58,2,0.077099821,3916.0,11,0,0,0,0.0
0,0.024621377,58,1,818.0,,6,0,1,0,
0,0.558127477,53,0,0.438880349,12360.0,10,0,3,0,2.0
0,0.009891207,54,0,0.078165561,10400.0,12,0,0,0,2.0
1,0.9999999,29,0,11.0,0.0,3,0,0,0,3.0
0,0.04911906,32,0,0.403718878,6345.0,10,0,3,0,3.0
0,0.105232199,54,0,0.224,10374.0,7,0,1,0,2.0
0,0.914834066,67,0,0.081134402,4054.0,5,0,0,0,0.0
0,1.113772455,23,0,0.006765328,2364.0,1,0,0,0,0.0
0,0.015679373,65,0,2875.0,,6,0,1,0,
0,0.044519906,68,0,70.0,,5,0,0,0,0.0
0,0.005762936,74,0,0.001777383,4500.0,8,0,0,0,0.0
0,0.257639023,46,0,0.620673743,6500.0,14,0,2,0,3.0
0,0.0,68,0,842.0,,8,0,1,0,2.0
0,0.02699775,88,1,0.004497751,2000.0,5,0,0,0,0.0
0,0.099726185,46,0,0.077051229,2400.0,4,0,0,0,1.0
0,0.121242033,48,0,0.526589364,2500.0,12,0,1,0,1.0
0,0.689043937,60,0,0.558814085,9342.0,17,0,1,0,1.0
0,0.899551734,75,2,0.232083179,2692.0,6,1,0,0,1.0
0,0.507818496,57,0,3496.0,,25,0,1,0,0.0
0,0.015222826,59,0,0.003835672,9906.0,11,0,0,0,0.0
0,0.405356347,58,0,995.0,,14,0,0,0,0.0
0,0.0,47,0,2287.0,,4,0,1,0,0.0
0,0.01672199,52,0,0.554210617,5782.0,14,0,2,0,3.0
0,0.023363064,51,0,0.167017718,8070.0,7,0,1,0,2.0
0,0.008719302,35,3,0.032468678,17000.0,4,0,0,2,2.0
0,0.004483418,73,0,0.000999833,6000.0,5,0,0,0,1.0
0,0.23254142,56,1,0.183645614,8058.0,8,0,2,1,0.0
0,0.083367327,65,0,0.172823913,9500.0,8,0,1,0,0.0
0,0.000939475,54,0,1.0,,5,0,0,0,0.0
0,0.17579121,45,0,0.580225499,5764.0,4,0,2,0,3.0
0,0.002914119,39,0,0.113656828,9994.0,12,0,0,0,1.0
0,0.03446969,56,0,0.221986126,16000.0,18,0,2,0,1.0
0,0.031019,78,0,0.004475764,10500.0,3,0,0,0,0.0
0,0.021147946,67,0,0.005426357,3869.0,5,0,0,0,0.0
0,0.052104432,54,0,0.188827858,9648.0,10,0,2,0,0.0
0,0.308882799,52,1,0.112865538,14122.0,10,0,1,2,0.0
0,0.678210819,38,0,2470.0,0.0,8,0,2,0,2.0
0,0.060043235,71,0,551.0,,8,0,1,0,0.0
0,0.030510209,65,0,511.0,,6,0,1,0,0.0
0,0.016899495,74,0,0.047213479,5400.0,16,0,0,0,0.0
0,0.075974073,50,0,0.202560412,13200.0,6,0,1,0,2.0
1,0.9999999,28,0,0.030969031,1000.0,0,1,0,0,0.0
0,0.413524239,48,0,0.194927632,22592.0,8,0,2,0,3.0
0,0.039538668,50,0,0.017043905,7333.0,7,0,0,0,1.0
0,0.064499152,83,0,0.012794882,2500.0,3,0,0,0,0.0
0,0.00484202,71,0,818.0,,5,0,1,0,0.0
1,0.002736273,87,0,0.001817356,2200.0,14,0,0,0,0.0
1,0.736344538,36,1,0.242413424,2800.0,5,0,0,0,2.0
0,0.94376875,53,0,0.260277305,12332.0,9,0,1,0,0.0
0,0.165583442,31,0,40.0,1.0,2,0,0,0,1.0
0,0.053094294,34,0,0.060764366,3636.0,3,0,0,0,0.0
0,0.015512742,46,0,0.309889325,2800.0,11,0,1,0,3.0
0,0.15385641,45,0,0.399625059,6400.0,5,0,1,0,0.0
0,0.088063527,59,0,0.736928552,3652.0,12,0,1,0,2.0
0,1.025987006,63,6,0.521441726,3800.0,8,2,2,1,1.0
0,0.064835195,56,2,0.197624587,8166.0,10,0,1,0,0.0
1,1.002920225,52,0,0.264631043,2750.0,6,0,0,0,0.0
0,0.113522165,60,0,0.294426393,4000.0,10,0,2,0,0.0
0,0.114882857,47,0,0.526565144,8864.0,9,0,2,0,1.0
0,0.675953383,40,0,0.462222222,3599.0,10,0,1,0,0.0
0,0.896103896,68,0,0.031093837,1800.0,2,0,0,0,0.0
0,0.0,49,0,1399.0,,4,0,1,0,0.0
1,0.877076412,51,0,0.081326155,3528.0,3,3,0,0,0.0
0,0.475020961,46,0,1.018581523,3820.0,17,0,2,0,0.0
0,0.037063581,47,0,0.293082767,2500.0,4,0,1,0,0.0
0,0.165981705,41,0,0.319400049,12200.0,10,0,3,0,1.0
0,0.007092595,81,0,0.00449925,6000.0,11,0,0,0,1.0
0,0.995334888,68,0,0.125437281,2000.0,3,0,0,0,0.0
0,0.96083696,45,2,2.065173116,981.0,10,0,2,0,1.0
0,0.010220646,71,0,0.094676213,25000.0,6,0,1,0,1.0
0,0.293390156,43,0,0.495267298,7500.0,8,0,2,0,2.0
0,0.9999999,21,0,0.0,1921.0,2,0,0,0,0.0
0,0.0,52,1,0.0,,3,0,0,0,0.0
0,0.950609878,44,0,0.446610678,3333.0,3,0,1,0,1.0
0,0.010220166,65,0,0.257926307,3500.0,9,0,1,0,1.0
1,1.017137961,49,4,0.723868388,5500.0,6,3,1,2,0.0
0,0.004914005,29,0,0.341178921,4800.0,12,0,0,0,0.0
0,0.319078628,63,0,0.20695439,15500.0,18,0,1,0,0.0
0,0.258431665,70,0,4045.0,,8,0,1,0,1.0
0,0.0,46,0,0.347920974,8705.0,3,0,2,0,3.0
0,0.001442576,63,0,0.000112423,8894.0,4,0,0,0,0.0
0,0.513351657,59,0,0.407675195,7191.0,5,0,2,0,1.0
0,0.716309671,53,0,2492.0,,6,0,1,0,0.0
0,0.754596323,53,1,0.036585366,11233.0,3,0,0,0,0.0
0,0.0,35,1,0.070185963,3333.0,10,0,0,0,1.0
0,0.289826392,33,0,0.439778496,6500.0,10,0,2,0,2.0
0,0.9999999,24,2,0.254749568,1157.0,1,0,0,0,0.0
0,0.290786566,67,3,0.41701844,4500.0,11,0,0,0,0.0
0,0.049264177,55,0,0.417248367,4440.0,12,0,2,0,0.0
0,0.003531468,80,0,5.0,,5,0,0,0,0.0
0,0.107759257,48,0,0.219403814,5400.0,4,0,1,0,3.0
0,0.761238761,25,0,0.047569804,2900.0,3,0,0,0,0.0
0,0.021135547,57,0,0.198823859,3570.0,17,0,1,0,1.0
0,0.662789511,43,1,969.0,,5,0,0,1,1.0
1,0.936680738,41,0,496.0,,4,0,0,2,3.0
0,0.031112086,39,0,3059.0,,7,0,2,0,0.0
0,0.101977338,25,1,0.005498625,4000.0,3,0,0,0,0.0
0,0.195666135,70,0,0.299116814,6000.0,22,0,2,0,0.0
0,0.202174961,53,0,1788.0,,7,0,1,0,2.0
0,0.033245183,47,0,1742.0,,10,0,1,0,
0,0.9999999,27,2,0.029650885,2090.0,5,1,0,1,0.0
0,0.9999999,64,0,1992.0,,2,0,1,0,0.0
0,0.301598154,37,0,2501.0,,5,0,2,0,0.0
0,0.001279966,75,0,0.440616967,5834.0,12,0,1,1,0.0
0,0.828335057,44,4,0.471497181,4788.0,8,2,1,1,4.0
0,0.9999999,79,0,0.0,,1,0,0,0,
0,0.37872247,37,0,0.269932517,4000.0,4,0,1,0,0.0
0,0.280965774,88,0,0.811062979,3000.0,11,0,2,0,0.0
0,0.150299383,25,0,0.2290024,2916.0,7,0,0,0,1.0
0,0.087093689,46,1,1645.0,,12,0,1,0,0.0
0,0.757471736,51,0,0.284708533,3550.0,4,0,0,0,1.0
0,0.94338897,63,1,5396.0,,9,0,1,0,2.0
0,0.006045317,78,0,0.002210294,3166.0,5,0,0,0,0.0
0,0.9999999,35,0,0.175274908,3000.0,2,0,0,0,2.0
0,0.409758965,27,1,0.33247918,1560.0,7,0,0,0,1.0
1,0.465116279,47,5,0.245709502,7166.0,4,1,1,0,1.0
0,0.214105869,62,0,5404.0,,14,0,2,0,0.0
0,0.399732229,64,0,0.105630729,6872.0,8,0,0,0,2.0
0,0.87685327,50,0,1.780216942,3871.0,18,0,3,0,1.0
0,0.033980809,73,0,0.029077692,2200.0,13,0,0,0,0.0
0,0.29822289,44,0,0.209058188,3333.0,7,0,0,0,1.0
0,0.9999999,31,0,0.0,564.0,1,0,0,0,0.0
0,0.9999999,51,1,0.022111082,3798.0,1,0,0,0,0.0
0,0.156989534,57,0,0.015264466,5633.0,6,0,0,0,0.0
0,0.043032042,64,0,0.332016389,6833.0,14,0,2,0,0.0
0,0.162551985,51,1,0.379334973,12600.0,21,0,2,0,1.0
0,0.31308033,40,0,0.509691711,5416.0,9,0,1,0,2.0
0,0.034573918,67,0,2383.0,,5,0,1,0,
0,0.478720045,35,0,0.353107815,6000.0,7,0,1,0,0.0
0,0.656158099,66,0,1249.0,,2,0,1,0,0.0
0,0.022706748,72,0,0.646001467,2725.0,4,0,2,0,0.0
0,0.9999999,46,0,6311.0,,3,1,2,0,0.0
0,0.060791732,64,0,0.139513218,8586.0,8,0,1,0,0.0
0,0.96032968,37,2,0.318482759,7249.0,12,0,1,0,2.0
0,0.007992611,68,0,0.154584542,10000.0,8,0,1,0,0.0
0,0.586210288,62,0,1.178102926,1981.0,7,0,2,0,0.0
0,0.246250197,49,0,1389.0,,10,0,1,0,0.0
0,1.062744771,48,0,0.173706441,41667.0,11,0,2,0,2.0
0,0.00800284,54,0,1678.0,,7,0,0,0,
0,0.263086846,45,0,1254.0,,6,0,2,0,0.0
0,0.009605653,65,0,0.271490507,6688.0,5,0,1,0,0.0
0,0.083095845,71,0,1385.0,,4,0,1,0,0.0
0,0.822880448,49,0,0.688655672,6002.0,8,0,1,0,0.0
0,0.573800689,57,0,0.408982218,23000.0,14,0,4,0,2.0
0,0.0,62,0,1463.0,,5,0,1,0,0.0
0,0.071108477,33,0,0.148988052,4100.0,9,0,0,0,2.0
0,0.896841263,37,0,0.311117035,3750.0,6,0,1,0,1.0
0,0.0,63,0,2121.0,,10,0,2,0,0.0
0,0.061178057,66,0,0.239278614,7041.0,12,0,1,0,0.0
0,0.738992866,35,1,0.390135525,4500.0,11,0,0,0,0.0
0,0.270500713,46,0,0.421957804,10000.0,11,0,3,0,0.0
0,0.858653507,63,0,0.32260184,4565.0,12,0,0,0,0.0
0,0.020323422,60,0,1407.0,,19,0,2,0,0.0
0,0.003427592,27,0,37.0,,2,0,0,0,1.0
0,0.492795624,36,0,0.304969302,10423.0,10,0,2,0,1.0
0,0.8938792,52,1,0.319909885,3550.0,10,0,0,0,0.0
0,0.258758381,54,0,2915.0,,10,0,2,0,
0,0.265379766,48,0,0.398561778,4588.0,11,0,1,0,1.0
0,0.0,52,0,0.351901446,5600.0,4,0,1,0,0.0
0,0.024746975,73,0,54.0,,5,0,0,0,0.0
0,0.0,49,0,0.249166694,30300.0,9,0,2,0,2.0
0,0.004074044,71,0,3427.0,,14,0,5,0,0.0
0,0.429083775,54,0,0.522454351,6078.0,14,0,1,0,1.0
0,0.073294753,68,0,0.325644813,8800.0,16,0,2,0,0.0
0,0.99989647,42,0,0.137772675,5225.0,2,0,0,0,0.0
1,0.231916262,37,0,0.44027986,2000.0,9,0,0,0,0.0
0,0.9999999,25,0,0.0,2916.0,0,2,0,0,1.0
0,0.02258167,64,0,0.292823621,10227.0,13,0,2,0,0.0
0,0.325415101,37,2,0.014550746,5497.0,2,0,0,0,2.0
0,0.0159996,78,0,0.004760771,4200.0,4,0,0,0,0.0
0,0.924278171,80,0,0.308106445,6500.0,5,0,1,0,1.0
0,0.108978204,75,0,0.424175824,2274.0,5,0,1,0,0.0
0,0.505101347,40,0,0.15304799,3083.0,4,0,0,0,1.0
0,0.562101348,47,0,0.265023407,10466.0,20,0,1,0,0.0
0,0.371856891,56,0,2270.0,,11,0,2,0,0.0
0,0.00745493,48,0,0.281430219,2600.0,6,0,1,0,0.0
0,0.967583399,56,0,0.384477658,12845.0,11,0,1,0,4.0
0,0.458471761,46,0,0.338141288,6100.0,4,0,1,1,0.0
0,0.035822061,46,0,0.3353983,12590.0,17,0,2,0,0.0
0,0.359330828,73,0,1093.0,,8,0,1,0,0.0
0,0.0,53,0,1903.0,,12,0,1,0,0.0
0,0.146996231,55,0,0.206291824,13000.0,9,0,2,0,2.0
0,0.767372464,52,1,0.380509305,4083.0,5,0,0,0,2.0
0,0.163878671,48,0,0.153119634,3493.0,8,0,0,0,1.0
0,0.178134953,75,0,0.186762647,5000.0,3,0,1,0,0.0
0,0.091965052,54,0,0.270208356,9166.0,7,0,1,0,0.0
0,0.0,62,0,0.743953563,3100.0,7,0,2,0,1.0
0,0.015252682,85,0,0.156831302,3117.0,6,0,1,0,0.0
0,0.134447528,69,0,0.376627827,2917.0,7,0,1,0,0.0
0,0.596042618,51,0,0.509932904,7600.0,8,0,2,0,2.0
0,0.499186569,52,0,0.41030467,8500.0,11,0,2,0,1.0
0,0.134773913,45,0,0.251774823,10000.0,6,0,2,0,6.0
1,0.9999999,27,98,0.0,,0,98,0,98,0.0
0,0.323436384,49,0,0.287779596,7331.0,7,0,1,0,0.0
0,0.027810762,61,0,2616.0,,7,0,1,0,
0,0.137866559,60,0,0.626107501,1692.0,7,0,1,0,0.0
1,0.03851144,43,1,0.070933196,31000.0,9,0,1,1,1.0
0,0.053496584,92,0,47.0,,2,0,0,0,0.0
0,0.001018608,64,0,0.446006171,2916.0,7,0,1,0,0.0
0,0.005705574,82,0,11.0,,8,0,0,0,0.0
0,0.0,74,0,1.294473883,1320.0,8,0,1,0,0.0
0,0.035605591,81,0,0.017260735,7125.0,7,0,0,0,0.0
0,0.008672584,45,0,0.263520157,3050.0,5,0,0,0,2.0
0,0.04103547,60,0,0.261399299,5416.0,27,0,2,0,0.0
0,0.033081011,82,0,0.009229755,9100.0,8,0,0,0,0.0
0,0.318015336,38,0,0.446901517,3888.0,20,0,1,0,4.0
0,0.019981655,70,0,0.083465566,3150.0,11,0,0,0,1.0
1,0.9999999,32,2,0.638593381,3383.0,5,0,2,0,1.0
0,0.326739028,56,0,0.592256342,3744.0,11,0,2,0,0.0
0,0.0,74,0,0.152738904,2500.0,4,0,0,0,0.0
0,0.030164327,76,0,44.0,,7,0,0,0,0.0
0,0.20489242,41,0,0.026513478,4525.0,5,0,0,0,1.0
0,0.133194898,70,1,0.695706285,3213.0,20,0,1,0,0.0
0,0.523231785,29,0,347.0,0.0,5,0,0,0,2.0
1,0.9999999,42,0,0.0,,0,1,0,0,
0,0.180672773,51,0,0.334490239,6914.0,13,0,1,0,2.0
0,0.082494845,66,0,0.380270129,13400.0,12,0,6,0,0.0
0,0.16730168,52,0,0.613483685,4167.0,18,0,1,0,0.0
0,0.479732696,48,0,1.701952724,1945.0,10,0,1,0,2.0
0,0.0,56,0,0.57313983,4340.0,8,0,1,0,0.0
0,0.265119149,61,0,0.738659794,5819.0,16,0,2,0,1.0
0,0.211501262,82,0,2183.0,,3,0,1,0,0.0
0,0.083239281,51,0,0.319406267,5456.0,10,0,1,0,1.0
0,0.289470539,44,0,0.4825614,8916.0,17,0,2,0,1.0
0,0.265273473,64,0,0.442998028,2534.0,7,0,1,0,1.0
0,0.06153928,78,0,34.0,,2,0,0,0,
1,0.578931421,91,0,0.297576194,4166.0,4,4,0,1,1.0
0,0.065630892,31,0,0.162635688,5250.0,10,0,0,0,0.0
0,0.896367877,48,0,0.214642752,3400.0,5,0,0,0,0.0
0,0.261134208,45,0,0.125543723,6666.0,8,0,0,0,2.0
0,0.446553271,48,0,0.345437616,7517.0,17,0,2,0,0.0
0,0.125780102,55,0,0.254796001,3700.0,10,0,1,0,4.0
0,0.717336537,45,0,2352.0,,6,0,3,0,0.0
0,0.368259989,39,0,0.515105412,4600.0,9,0,1,0,1.0
0,0.0,60,1,1068.0,,5,0,1,0,0.0
0,0.0,49,0,4434.0,,6,0,2,0,0.0
0,0.006063734,40,0,0.536386887,4300.0,9,0,0,0,0.0
0,0.123238967,57,0,0.011065191,7500.0,4,0,0,0,1.0
0,0.000763609,89,0,1.0,,5,0,0,0,0.0
0,0.339137226,56,0,1.521478282,4166.0,20,0,4,0,0.0
0,0.015459292,80,0,0.004666148,9000.0,8,0,0,0,1.0
0,0.086033235,50,0,0.229226361,8375.0,12,0,1,0,1.0
0,0.721283926,55,1,0.398591931,3692.0,9,0,0,0,1.0
0,0.019587083,54,0,0.022622172,8000.0,7,0,0,0,0.0
0,0.0,60,0,0.358372457,1916.0,2,0,1,0,0.0
0,0.385929831,47,0,0.153177621,5522.0,7,0,0,0,1.0
0,0.776309784,39,0,0.355879752,15833.0,9,0,2,0,1.0
0,0.0,50,1,0.228607515,15834.0,7,0,1,0,1.0
0,0.03357949,56,0,0.127797834,6924.0,12,0,0,0,2.0
0,0.064221471,51,0,2259.0,,14,0,1,0,0.0
0,0.006939184,62,0,0.106528452,4533.0,5,0,1,0,0.0
0,0.759966805,52,0,0.564763386,4500.0,10,0,1,0,1.0
0,0.088628469,78,0,0.366589327,861.0,6,0,1,0,1.0
0,0.9999999,29,1,0.0199984,12500.0,5,1,0,0,3.0
0,0.612580686,84,0,0.806383725,2850.0,10,0,1,0,0.0
0,0.146010489,58,0,0.05528778,7053.0,7,0,0,0,2.0
0,0.254513338,46,0,2123.0,,8,0,2,1,0.0
0,0.513548645,50,0,154.0,,3,0,0,0,0.0
0,0.000642385,53,0,1959.0,,6,0,1,0,
0,0.95380774,32,0,0.092524227,4333.0,3,0,0,0,0.0
0,0.9999999,71,0,0.001589264,11325.0,1,0,0,0,0.0
0,0.119182824,84,0,0.093150685,4379.0,6,0,0,0,0.0
0,0.0,47,0,0.175347696,11000.0,6,0,1,0,4.0
0,0.061416356,57,1,0.386046512,3654.0,25,0,2,0,1.0
0,0.020119566,66,0,0.236201577,2916.0,16,0,1,0,0.0
0,0.049642503,76,0,0.245491565,5156.0,13,0,2,0,1.0
0,0.161317939,70,0,2809.0,,16,0,2,0,0.0
0,0.106593457,56,1,0.492055131,11390.0,19,0,7,0,0.0
0,0.012878398,67,0,4173.0,,6,0,3,0,0.0
0,0.003066214,72,0,680.0,,2,0,1,0,
0,0.05994006,23,0,0.001218027,820.0,2,0,0,0,0.0
0,0.093730834,60,0,0.320334262,4666.0,17,0,2,0,0.0
0,0.000859021,81,0,0.001764291,2833.0,12,0,0,0,0.0
0,0.042650089,63,0,0.251742658,8750.0,12,0,1,0,0.0
0,0.9999999,50,0,0.141167395,11666.0,2,0,1,0,0.0
0,0.934604905,48,0,0.159239639,3208.0,4,0,0,0,0.0
0,0.010245189,61,1,0.202414019,19800.0,8,0,2,0,0.0
0,0.28369669,61,0,0.61966257,4800.0,14,0,1,0,0.0
0,0.007687632,55,0,0.099505999,4250.0,13,0,0,0,5.0
1,0.301311351,47,0,0.166138639,7890.0,9,0,1,0,2.0
0,0.002484811,82,0,0.00079984,5000.0,5,0,0,0,0.0
0,0.627696371,35,0,0.432387772,3630.0,10,0,1,0,0.0
0,0.142122933,54,0,2859.0,,18,0,3,0,1.0
0,0.001111062,74,0,0.0,,4,0,0,0,
0,0.149731638,57,0,0.247079712,10700.0,8,0,1,0,3.0
0,8.47e-05,56,0,0.241488419,7900.0,6,0,1,0,0.0
0,0.218405106,47,0,0.18020278,9566.0,15,1,2,0,1.0
0,0.734884341,41,1,1.190507581,1516.0,7,0,1,0,2.0
0,0.028151186,61,0,32.0,,4,0,0,0,0.0
0,0.106664296,54,0,1.289276808,400.0,6,0,0,0,0.0
0,0.050457899,55,0,0.028858883,3776.0,8,0,0,0,0.0
0,0.443094274,30,0,0.190607735,3257.0,6,0,0,0,2.0
1,0.899010492,51,1,0.429801416,7200.0,12,0,1,0,0.0
1,0.542813536,39,0,0.534687311,9945.0,6,0,1,0,3.0
0,0.008972488,36,0,4.0,,1,0,0,0,0.0
0,0.137089466,78,0,2518.0,,8,0,2,0,0.0
0,0.161269545,51,0,0.349540789,1850.0,9,0,0,0,0.0
0,0.008749863,47,0,0.051102891,7298.0,6,0,0,0,4.0
0,0.547337278,37,1,980.0,,2,0,1,0,1.0
0,0.0,55,0,0.275154983,10484.0,4,0,2,0,3.0
0,0.022263684,67,0,0.467985535,4700.0,9,0,1,0,0.0
0,0.167686405,63,0,0.338326406,12750.0,18,0,2,0,1.0
0,0.071804931,66,0,0.12125163,2300.0,7,0,0,0,1.0
0,0.138608432,60,0,0.404688039,2900.0,8,0,1,0,0.0
0,0.028930634,81,0,17.0,,3,0,0,0,
0,0.042209045,61,0,0.410211972,7500.0,3,0,1,0,1.0
0,0.129143365,41,0,0.212848394,8000.0,3,0,1,0,2.0
0,0.010570026,55,0,0.144714117,11000.0,14,0,1,0,3.0
0,0.028142589,67,0,0.057323779,6000.0,9,0,0,0,0.0
0,0.094995561,58,0,0.357771959,4200.0,3,0,1,0,0.0
0,0.048189482,33,0,0.218150934,4120.0,7,0,1,0,3.0
0,0.158294654,58,0,3547.0,,15,0,2,0,3.0
0,0.026521878,69,1,0.654672664,2000.0,19,0,0,0,0.0
0,0.04229577,32,0,0.237729803,11857.0,9,0,2,0,0.0
0,0.062211442,59,0,0.036633589,13402.0,5,0,0,0,3.0
0,0.007805292,35,0,0.004945055,1819.0,5,0,0,0,0.0
0,0.044228868,65,0,0.045746388,1245.0,5,0,0,0,0.0
0,0.163400642,63,0,279.0,,3,0,0,0,0.0
0,0.067940516,74,1,0.476904619,5000.0,12,0,3,0,0.0
0,0.000253901,63,0,1999.0,,8,0,2,0,0.0
0,0.187517134,58,0,0.334458193,8000.0,7,0,2,0,1.0
0,0.026148693,74,0,15.0,,1,0,0,0,0.0
0,0.053422514,47,0,0.14901214,4200.0,16,0,0,0,1.0
0,0.0358056,62,0,0.268891446,7820.0,27,0,1,0,0.0
0,0.783814412,61,0,0.269473053,10000.0,4,0,1,0,0.0
0,0.11698621,40,0,0.225925485,8400.0,15,0,2,0,2.0
0,0.441091606,34,1,0.582003461,5200.0,12,0,1,0,2.0
0,0.008854352,51,0,0.335425485,6850.0,12,0,1,0,4.0
0,0.014468866,68,0,0.321397962,10500.0,13,0,2,0,0.0
0,0.024465851,69,0,0.005364545,4100.0,8,0,0,0,0.0
0,0.151739183,53,0,0.076739182,4182.0,5,0,0,0,1.0
0,0.003488338,66,0,0.056676092,15914.0,18,0,1,0,0.0
0,0.671517276,37,0,0.387526779,4200.0,12,0,0,0,0.0
0,1.202797203,40,1,0.120280948,6833.0,2,0,1,0,2.0
0,0.616341224,64,0,508.0,0.0,3,0,0,0,0.0
0,0.435445166,58,0,0.945970979,3238.0,16,0,1,0,1.0
1,0.826092953,48,1,0.322590515,9804.0,8,3,1,1,2.0
1,0.090149223,46,0,0.832866853,2500.0,15,0,2,0,0.0
0,0.0,45,0,0.133687686,12416.0,6,0,1,0,2.0
0,0.0,81,0,0.0,4416.0,5,0,0,0,0.0
0,0.0,31,0,0.0,2916.0,3,0,0,0,0.0
0,0.646390499,52,0,0.66050563,4706.0,13,0,1,0,0.0
1,0.691191312,44,0,0.72510332,7500.0,20,0,4,0,5.0
0,0.568102621,37,0,0.151588944,8212.0,11,0,0,0,2.0
0,0.088324817,38,0,0.658222785,15000.0,15,0,3,0,0.0
0,0.231668026,52,0,3026.0,,17,0,1,0,2.0
0,0.150857193,30,0,103.0,,3,0,0,0,0.0
0,0.725572371,53,0,0.946462436,6854.0,14,0,3,1,0.0
0,0.349585303,26,0,0.179947074,3400.0,5,0,0,0,0.0
0,0.0,59,0,0.341207934,4486.0,13,0,1,0,1.0
0,0.016158673,69,0,0.053320683,5269.0,7,0,1,0,0.0
0,0.024189868,71,1,0.177030759,10500.0,14,0,2,0,0.0
0,0.529043742,45,0,0.431226766,7800.0,11,0,1,0,3.0
0,0.052686022,84,0,0.00439912,5000.0,2,0,0,0,0.0
1,0.775522569,32,1,0.129103188,6366.0,5,1,0,0,1.0
0,0.0,62,0,635.0,,21,0,0,0,0.0
0,0.242167418,45,1,0.635437882,5400.0,16,0,2,0,4.0
0,0.009139584,59,0,0.464216191,8732.0,19,0,1,0,0.0
0,2.629585349,37,1,1.236082043,7166.0,12,0,2,0,0.0
0,0.041799605,49,0,0.609463512,3000.0,27,0,2,0,1.0
0,0.812886695,55,0,2856.0,,5,0,1,0,0.0
0,0.868330694,63,0,0.671442852,3000.0,12,0,0,0,2.0
0,0.067572822,74,0,0.478595411,7147.0,13,0,2,0,0.0
0,0.058389686,67,0,732.0,,7,0,1,0,0.0
0,0.901614143,33,0,944.0,,4,0,0,0,0.0
0,0.21163461,49,0,0.439675762,13816.0,14,0,1,0,0.0
0,0.256373039,39,0,0.193465876,8600.0,13,0,0,0,0.0
0,0.004289899,57,0,0.060742407,8000.0,10,0,0,0,1.0
0,0.016078685,31,1,0.40758228,7200.0,12,0,2,0,0.0
0,0.455734052,50,0,0.373305671,7229.0,8,0,1,0,3.0
0,0.830761517,60,1,1014.0,,6,1,0,2,0.0
0,0.009226736,53,0,0.00319936,5000.0,7,0,0,0,0.0
0,0.517920991,55,0,0.847603441,2440.0,8,0,1,0,0.0
0,0.583488073,44,0,0.360341596,4800.0,8,0,1,0,1.0
0,0.06357457,35,0,0.189400883,12000.0,11,0,2,0,4.0
0,0.119141267,73,0,0.437730928,4600.0,16,0,1,0,1.0
0,0.11543633,54,0,0.263571991,8896.0,13,0,1,0,0.0
0,0.230673514,39,0,0.357256778,11285.0,15,0,4,0,0.0
1,0.238109733,53,4,0.492245448,4448.0,11,0,2,0,0.0
0,0.010681575,67,0,1199.0,,10,0,1,0,0.0
0,0.409015631,61,0,0.427966614,16533.0,15,0,3,0,1.0
0,0.454532986,46,1,0.68273392,6700.0,22,0,2,0,5.0
0,0.0,47,0,0.477424813,13000.0,7,0,2,0,1.0
0,0.287327154,51,0,0.121573202,12000.0,12,0,2,0,3.0
0,0.0,64,0,586.0,,9,0,1,0,0.0
0,0.0,41,0,0.233025566,30000.0,11,0,2,0,3.0
0,0.951901603,56,1,0.727045492,6000.0,9,0,2,0,1.0
0,0.010584816,64,0,0.001618893,10500.0,7,0,0,0,0.0
0,0.0,49,0,0.230769231,8800.0,10,0,1,0,0.0
0,0.018737182,41,0,1118.0,0.0,13,0,1,0,0.0
0,0.780007029,58,0,0.61121004,11792.0,9,0,2,0,0.0
0,0.021174471,58,0,0.16089613,7855.0,9,0,1,0,0.0
0,0.201510775,39,0,0.230090578,8500.0,2,0,1,0,0.0
0,0.464306023,66,0,5217.0,,34,0,5,0,0.0
0,1.008886914,53,0,0.304405621,5265.0,2,0,1,0,5.0
0,0.016858324,68,0,0.032644903,3001.0,20,0,0,0,1.0
0,0.178366796,49,1,0.508672164,3516.0,13,0,1,0,1.0
0,0.037016836,56,0,0.00322546,9300.0,4,0,0,0,0.0
0,0.093456908,55,0,4843.0,,4,0,2,0,
0,0.889250427,36,0,0.241347485,6500.0,6,0,0,0,1.0
0,1.0,39,0,0.931165141,3166.0,3,0,2,0,0.0
0,0.24081426,66,0,0.392081056,7500.0,8,0,2,0,0.0
0,0.017845625,54,0,0.511686144,2395.0,12,0,0,0,0.0
0,0.569721514,38,0,0.469927703,6500.0,5,0,2,0,2.0
0,0.9999999,56,0,0.013545474,4650.0,1,2,0,0,1.0
0,0.749345681,66,0,0.432517758,3800.0,7,0,2,0,0.0
0,0.01773889,49,0,0.268582755,13116.0,10,0,2,0,2.0
0,0.0,43,0,0.25247783,5750.0,17,0,1,0,0.0
0,0.005609066,73,0,0.000777691,9000.0,7,0,0,0,0.0
0,0.859218892,28,0,0.098657962,2756.0,1,1,0,1,0.0
0,0.9999999,28,0,104.0,0.0,0,0,0,0,0.0
0,0.508143734,50,1,0.536692661,5000.0,11,0,2,0,0.0
0,0.014345747,57,1,0.545314062,11000.0,13,0,3,0,1.0
0,0.034609736,65,0,2126.0,,17,0,1,0,0.0
1,0.171965607,52,0,0.33391132,4036.0,3,0,1,0,2.0
0,0.247479015,62,0,2561.0,,8,0,1,0,2.0
0,0.220965928,31,0,0.258776897,1765.0,6,0,0,0,0.0
0,0.189886047,64,0,0.197280272,10000.0,15,0,1,0,0.0
0,0.050555835,50,1,0.062963879,8083.0,10,0,1,0,0.0
0,0.036408174,42,1,0.527290608,6100.0,8,0,1,0,3.0
0,0.070793228,67,0,0.321772813,11100.0,15,0,1,0,1.0
0,0.262763921,67,0,0.314768683,11239.0,12,0,2,0,0.0
0,0.0,46,0,0.0,4833.0,1,1,0,0,1.0
0,0.43160498,28,0,0.190368015,2200.0,8,0,0,0,0.0
0,0.005965246,68,1,636.0,,9,0,0,0,0.0
0,0.892222077,36,0,0.377007935,5166.0,5,0,1,0,2.0
1,0.09900003,62,0,0.019997143,7000.0,11,0,0,1,0.0
0,0.087932011,39,0,1.206825233,2900.0,7,0,2,0,0.0
0,0.926974152,60,0,0.464430468,7154.0,14,0,2,0,1.0
0,0.387879071,66,0,0.694061188,5000.0,12,0,2,0,0.0
0,0.0,22,0,0.21641791,401.0,6,0,0,0,0.0
0,0.089465954,75,1,0.190083709,7764.0,12,0,1,0,0.0
0,0.086398766,89,0,0.320081918,8300.0,10,0,1,0,1.0
0,0.393734746,47,0,0.333425913,7200.0,13,0,1,0,2.0
0,0.513275183,37,0,0.311117035,3750.0,6,0,0,0,1.0
0,0.9999999,25,0,0.0,,0,0,0,0,0.0
0,0.749680896,33,0,0.200974878,2666.0,6,0,0,0,1.0
0,0.021641101,44,0,1193.0,0.0,8,0,1,0,3.0
1,0.925390992,44,2,0.627946703,5853.0,15,0,3,0,2.0
1,1.068965517,45,0,0.283450306,4416.0,2,2,0,1,2.0
0,0.206176405,25,1,102.0,,9,0,0,0,
0,0.285619063,34,0,323.0,,6,0,0,0,0.0
0,0.716866949,35,0,0.465606128,6788.0,4,0,1,0,0.0
0,0.024674383,66,1,0.430011198,6250.0,13,0,1,0,0.0
1,0.398858223,39,0,0.492084653,6000.0,8,0,2,0,2.0
0,0.031530545,73,0,0.004850445,2473.0,2,0,0,0,0.0
0,0.017627087,41,0,0.299092121,15750.0,10,0,3,0,1.0
0,0.035712585,38,0,0.378550329,4400.0,4,0,1,0,2.0
0,0.04341589,41,0,902.0,,6,0,2,0,0.0
0,0.334835575,53,2,0.383595851,5205.0,8,0,1,3,5.0
0,0.213830577,47,0,0.129811698,6000.0,16,0,0,0,0.0
0,0.561052232,36,0,0.362192394,8939.0,15,0,2,0,0.0
1,0.957011136,38,0,0.800959233,4586.0,12,0,2,0,0.0
0,0.30321742,63,0,0.225445582,15821.0,9,0,1,0,0.0
0,0.264193395,49,0,2234.0,,6,0,2,0,2.0
0,0.843595411,66,3,602.0,,8,0,0,0,0.0
0,0.262000668,56,0,0.362211396,4720.0,9,0,2,0,0.0
0,0.176436406,49,0,0.658097686,3500.0,7,0,1,0,0.0
0,0.068688801,55,0,0.414475114,4600.0,15,0,1,0,3.0
0,0.284247433,48,0,0.099205747,19766.0,9,0,2,0,1.0
0,0.0,24,1,0.114494519,820.0,3,0,0,1,0.0
0,0.049999014,61,0,0.162837757,8400.0,8,0,1,0,1.0
0,0.883599294,36,0,0.478250837,17333.0,12,0,2,0,0.0
0,0.082840763,77,0,55.0,,4,0,0,0,0.0
0,0.231641734,60,0,0.556688933,11077.0,25,0,2,0,0.0
0,0.673189544,35,0,0.424098921,3800.0,5,0,1,0,0.0
0,0.163341835,61,0,0.408520527,6454.0,17,0,1,0,0.0
0,0.009246841,60,0,11.0,,3,0,0,0,
0,0.04567532,73,0,71.0,,2,0,0,0,0.0
0,0.011148144,76,0,0.000666445,3000.0,1,0,0,0,0.0
0,0.976404719,39,0,0.236906077,4524.0,4,1,0,0,3.0
0,0.108578284,85,0,0.002210294,9500.0,6,0,0,0,1.0
0,0.303260465,59,0,0.333566643,10000.0,16,0,2,0,1.0
0,0.782108946,31,1,0.233698239,2100.0,6,0,0,0,1.0
0,0.623135075,36,0,0.440555907,7914.0,10,0,2,0,2.0
1,0.186362014,25,2,0.099950025,2000.0,5,0,0,3,0.0
1,0.984015984,32,0,0.104631789,3000.0,2,2,0,1,1.0
0,0.674324364,40,0,0.40964564,6800.0,11,0,2,0,3.0
0,0.9999999,58,0,0.065741804,33950.0,7,0,1,0,2.0
0,0.3540025,67,0,0.228385807,2000.0,5,0,0,0,0.0
0,0.0,36,0,0.211589113,3416.0,4,0,1,0,0.0
0,0.0,75,0,0.527431421,801.0,4,0,1,0,0.0
0,0.246240637,54,0,1.040989753,4000.0,10,0,1,0,1.0
0,0.395891235,53,0,0.245599417,9600.0,6,0,1,0,3.0
0,0.271455153,40,0,0.629034798,6350.0,10,0,2,0,2.0
0,0.024384874,62,0,1002.0,,11,0,1,0,0.0
0,0.120057141,68,0,2.56316297,1036.0,9,0,1,0,0.0
0,0.000180448,39,0,0.449460449,10100.0,13,0,6,0,0.0
0,0.0,61,0,4011.0,,13,0,1,0,0.0
0,0.322584825,46,1,0.323842065,2633.0,12,0,1,0,2.0
0,0.311073382,61,1,1.756552283,3700.0,11,0,1,0,1.0
0,0.018497943,70,0,0.262144054,1193.0,12,0,1,0,0.0
0,0.544620958,52,0,0.380661741,6225.0,14,1,1,0,1.0
0,0.023485043,35,0,0.006664815,3600.0,2,0,0,0,2.0
0,0.054437021,33,0,0.142801858,5167.0,7,0,1,0,1.0
0,0.02536242,56,0,0.011632134,2750.0,3,0,0,0,1.0
0,0.157224248,55,0,0.230643657,8575.0,7,0,2,0,1.0
0,0.056145093,56,0,0.824707298,9138.0,11,0,3,0,3.0
0,0.245584782,54,0,0.377263918,14962.0,20,0,2,0,1.0
0,0.443113772,31,0,0.084748858,5474.0,3,0,0,0,2.0
0,0.006914224,45,0,0.150722374,5121.0,16,0,0,0,0.0
0,0.004262225,47,0,0.286169366,11300.0,11,0,2,0,2.0
0,0.638297486,38,0,0.148069231,26750.0,10,0,2,0,0.0
0,0.502588469,34,0,0.248226538,17197.0,6,0,2,0,1.0
0,0.171504757,58,0,0.007099391,11831.0,2,0,0,0,1.0
1,0.857349322,36,1,0.776011561,2075.0,9,0,0,0,2.0
0,0.316683317,24,0,274.0,,1,0,0,0,0.0
0,0.294960492,61,0,0.302491668,6300.0,14,0,1,0,1.0
0,0.064616104,74,0,1712.0,,13,0,1,0,0.0
0,0.004595129,52,0,0.39095856,7166.0,7,0,1,0,0.0
0,0.992394116,35,1,0.54335095,7000.0,13,0,1,0,1.0
1,0.434745251,49,1,1.107111693,4583.0,36,0,2,0,0.0
0,0.007166069,52,0,0.156347826,5749.0,3,0,1,0,4.0
1,0.661004193,30,0,0.147498505,5016.0,7,0,0,0,1.0
0,0.090327312,41,0,0.949220312,2500.0,5,0,1,0,2.0
1,1.026378897,23,0,0.280266568,2700.0,5,0,0,0,1.0
0,0.944657955,24,0,680.0,0.0,4,0,1,0,0.0
0,0.009172203,67,0,0.254463223,4200.0,8,0,1,0,0.0
0,0.011117613,61,0,16.0,,8,0,0,0,0.0
0,0.069632967,48,0,0.164330793,12200.0,13,0,1,0,2.0
0,0.029069352,45,0,0.292227703,7500.0,13,0,1,0,2.0
1,0.034588857,50,0,880.0,,8,0,1,0,1.0
0,0.01786856,55,0,0.356520497,7000.0,16,0,2,0,2.0
0,0.04728867,39,0,0.00694036,8500.0,8,0,0,0,2.0
0,0.764791961,41,0,0.373518902,5316.0,4,0,1,0,3.0
0,0.030159058,74,0,0.010664297,4500.0,5,0,0,0,0.0
0,0.042854082,38,0,0.002375297,7577.0,3,0,0,0,0.0
0,0.115527458,50,0,0.30383702,8000.0,9,0,2,0,0.0
0,0.326048654,63,0,0.308132695,12750.0,8,0,2,0,1.0
0,0.9999999,40,0,100.0,,0,0,0,0,1.0
0,0.053469463,69,0,91.5,1.0,11,0,0,0,0.0
0,0.03880141,53,2,2245.0,,13,0,2,0,0.0
0,0.2658005,54,1,0.474353823,7466.0,10,0,1,0,1.0
0,0.0098044,52,0,6.0,,2,0,0,0,
0,0.0,62,0,0.0,1500.0,3,0,0,0,0.0
0,0.458332989,63,0,4654.0,,15,0,1,0,0.0
0,0.0,64,0,1451.0,,12,0,1,0,2.0
0,0.441122221,24,0,0.131464031,4350.0,4,0,0,0,1.0
0,0.082327774,65,0,0.192709754,11000.0,12,0,2,0,0.0
0,0.054302606,44,0,0.482233503,6500.0,13,0,3,0,1.0
0,0.005575532,39,2,0.363663177,6780.0,8,1,2,0,1.0
0,0.979077996,43,0,0.074356877,11000.0,3,0,0,0,1.0
0,0.561325849,40,0,0.13644706,15800.0,4,0,1,0,0.0
0,0.0,26,0,0.0,2400.0,2,0,0,0,0.0
0,0.168627338,52,0,0.381661834,10000.0,14,0,2,0,3.0
0,0.705131478,43,2,543.0,,5,0,0,0,2.0
0,0.009425612,47,0,0.700999811,5300.0,12,0,2,0,1.0
1,0.0,29,1,0.112221717,2200.0,5,0,0,0,0.0
0,0.9999999,62,0,0.014381435,6118.0,5,3,0,0,0.0
0,0.967421457,44,1,0.346558877,9400.0,10,0,2,0,4.0
0,0.190039521,52,0,0.73699373,5900.0,20,0,3,0,0.0
0,0.008475787,71,0,0.025294374,4585.0,3,0,0,0,0.0
0,0.0,48,0,0.453205348,5833.0,6,0,1,0,2.0
0,0.9999999,66,0,1994.0,,1,0,1,0,0.0
0,0.083806847,59,0,0.046651116,3000.0,4,0,0,0,0.0
0,0.62359128,50,0,0.428679018,19916.0,8,0,1,0,3.0
0,0.102967665,59,0,0.325112481,6000.0,7,0,2,0,0.0
0,0.144688043,46,0,0.142530706,3500.0,8,0,0,0,3.0
0,0.641522159,62,0,3754.0,,23,0,2,0,0.0
0,0.080102081,71,0,0.015330778,6000.0,2,0,0,0,1.0
0,0.977386355,49,0,0.234654507,8552.0,9,0,1,0,4.0
0,0.667083229,55,0,0.153112222,2200.0,3,0,0,0,0.0
0,0.005953409,59,1,0.54126804,6166.0,19,0,2,0,1.0
0,0.065953698,32,0,0.308569143,10000.0,7,0,2,0,2.0
0,0.094072648,39,0,0.382065046,9500.0,4,0,1,0,0.0
0,0.046498339,56,0,0.330417396,4000.0,8,0,1,0,0.0
0,0.347281322,55,0,0.578253968,6299.0,13,0,1,0,1.0
0,0.20414026,73,0,0.405498943,5200.0,10,0,1,0,0.0
0,0.908932841,58,0,0.49470106,5000.0,5,1,1,0,0.0
0,0.014039438,77,0,63.0,,2,0,0,0,0.0
0,0.9999999,69,0,0.007199424,4166.0,1,0,0,0,0.0
0,0.002256387,57,0,0.267564325,7500.0,12,0,1,0,0.0
0,0.1499655,66,0,0.038351556,5944.0,8,0,0,0,0.0
0,0.24226708,58,0,0.110401333,7200.0,5,0,0,0,0.0
1,0.9999999,43,2,0.058418761,7120.0,0,3,0,0,2.0
0,0.0,65,0,2.0,,14,0,0,0,0.0
0,0.035220194,61,0,0.365609349,9583.0,9,0,2,0,0.0
0,0.0,32,0,0.001129305,1770.0,6,0,0,0,0.0
0,0.05196243,76,0,2362.0,,8,0,2,0,0.0
0,0.0,46,0,0.174484613,3346.0,5,0,1,0,0.0
0,0.104827563,63,0,0.266213224,6321.0,10,0,2,0,2.0
0,0.359541199,31,2,0.424831849,5500.0,8,0,1,0,1.0
0,0.526824392,50,0,0.152801724,4639.0,5,0,0,0,1.0
0,0.132492696,47,0,0.289854203,16666.0,14,0,1,0,2.0
0,0.0,43,0,3004.0,,7,0,1,0,0.0
0,0.181787788,49,0,0.225231402,8750.0,8,0,2,0,1.0
0,0.01033587,57,0,0.258009064,6398.0,12,0,2,0,0.0
0,0.116325533,49,1,0.462667312,6200.0,15,0,2,0,2.0
0,0.000111099,27,0,0.121930804,3583.0,6,0,0,0,0.0
0,0.157667085,64,0,1.830212235,800.0,4,0,1,0,0.0
0,0.713436318,37,0,0.60139417,4733.0,11,0,1,0,3.0
0,0.578131225,57,0,0.735751295,5210.0,15,0,1,0,3.0
0,0.239572032,53,0,0.193625287,11325.0,15,0,1,0,3.0
0,0.064093082,67,0,3213.0,,13,0,1,0,0.0
0,0.098390161,59,0,0.292416607,8333.0,5,0,2,0,0.0
0,0.001599893,62,0,0.0,2600.0,1,0,0,0,0.0
0,0.1766439,62,0,0.394612608,3600.0,8,0,1,0,0.0
0,0.9999999,69,0,0.07294534,5085.0,4,0,0,0,0.0
0,0.161384159,64,0,571.0,,8,0,0,0,0.0
0,0.9999999,28,0,0.118822876,1800.0,3,0,0,0,0.0
0,0.174639739,60,0,0.031564155,9250.0,3,0,0,0,0.0
0,0.045318884,46,0,0.160833884,10600.0,10,0,2,0,1.0
0,0.9999999,67,0,0.318066158,2750.0,3,0,0,0,0.0
0,0.119034788,54,0,0.008427368,7000.0,2,0,0,0,1.0
0,0.50725458,68,0,0.448789914,10866.0,10,0,2,0,1.0
0,0.055349259,59,0,0.221682617,7000.0,6,0,1,0,1.0
0,0.00591642,43,0,0.048126579,9100.0,9,0,0,0,0.0
0,0.023607669,49,0,0.168220511,7400.0,2,0,1,0,3.0
0,0.134354198,51,0,0.478443214,5960.0,5,0,1,0,1.0
0,0.043928545,34,1,0.412228797,6083.0,13,0,2,0,0.0
0,0.9999999,24,0,344.0,,1,0,0,0,
0,0.129575207,46,0,0.436281859,2000.0,8,0,1,0,1.0
0,0.179726562,45,0,0.698812747,4800.0,11,0,1,0,0.0
0,0.079361085,63,0,141.0,,6,0,0,0,1.0
1,0.442370466,50,0,0.346145301,4500.0,6,0,2,0,0.0
0,0.047906218,49,0,0.38683699,3600.0,6,0,2,0,2.0
0,0.043789842,85,0,31.0,,3,0,0,0,0.0
0,0.050476156,31,0,0.098731574,5833.0,10,0,0,0,0.0
0,0.103294835,77,0,324.0,,11,0,1,0,0.0
0,0.0,64,0,0.457708458,5000.0,7,0,1,0,0.0
0,0.102099964,48,0,0.396263,5672.0,11,0,1,0,0.0
0,0.000349991,49,0,0.408655791,7416.0,15,0,2,0,0.0
0,0.031324853,63,0,3097.0,,7,0,1,0,0.0
0,0.178492785,43,0,0.72942045,5417.0,13,0,1,0,0.0
1,0.524318769,45,0,0.610856364,8068.0,12,0,3,0,2.0
0,0.893289456,53,0,4352.0,,13,0,2,0,0.0
0,0.00916162,69,0,286.0,,15,0,0,0,0.0
0,0.589341596,59,0,0.262256069,4201.0,10,0,0,0,0.0
0,0.616853406,57,0,0.798550455,5380.0,14,0,2,0,0.0
0,0.0,38,0,0.364527095,5000.0,9,0,1,0,0.0
0,0.003842536,50,0,0.375046142,5417.0,26,0,1,0,3.0
0,0.020206864,72,0,0.021591363,2500.0,12,0,0,0,0.0
0,0.568474008,40,0,0.190653336,4300.0,6,0,0,0,2.0
0,0.939276099,51,0,0.159994981,7968.0,12,0,0,0,2.0
0,0.229180546,22,0,10.0,,2,0,0,0,0.0
0,0.073663938,50,0,0.025327705,4500.0,5,0,0,0,2.0
0,0.9999999,90,0,0.0,,1,0,0,0,
0,0.810704402,39,0,0.20558217,4800.0,5,0,0,0,3.0
0,0.452920735,48,0,0.516775646,9328.0,12,0,3,0,0.0
0,0.003192579,34,0,787.0,,6,0,0,0,0.0
0,0.486304414,73,0,0.558356761,11026.0,7,0,2,0,0.0
0,0.148933965,36,0,0.603690288,8833.0,15,0,3,0,1.0
0,0.018759882,30,0,0.105725365,8767.0,4,0,0,0,2.0
0,1.001996008,51,0,0.00535523,2800.0,1,0,0,2,0.0
0,0.574775792,41,0,1436.0,0.0,11,0,0,0,0.0
1,1.357939254,43,1,0.433028788,5800.0,6,4,2,2,4.0
0,0.931841692,42,0,2501.0,,7,0,2,0,0.0
0,0.042185726,62,0,0.413653477,14076.0,12,0,4,0,2.0
0,0.442054424,56,1,0.313699825,9167.0,9,0,2,0,0.0
1,1.355481728,28,1,0.012108981,990.0,1,1,0,0,2.0
0,0.072892711,46,1,0.324279287,6000.0,6,0,1,0,2.0
0,0.9999999,69,0,0.035060655,14260.0,1,0,0,0,0.0
0,0.375410988,41,0,0.938769135,3200.0,11,0,2,0,1.0
0,0.9999999,52,0,880.0,,2,0,1,0,0.0
0,0.241486584,59,0,0.326668027,4900.0,3,0,1,0,2.0
0,0.206639668,66,0,123.0,,9,0,0,0,0.0
0,0.31064078,44,0,0.242025075,6300.0,7,0,0,0,2.0
0,0.348969128,48,0,0.03721473,7711.0,2,0,0,0,0.0
1,0.580161476,23,1,0.074324324,1923.0,3,0,0,0,0.0
0,0.080491951,76,0,0.005578801,4301.0,5,0,0,0,0.0
0,0.01678859,74,0,108.0,,3,0,0,0,0.0
0,0.129974005,55,0,0.258988624,12042.0,8,0,1,0,1.0
0,0.010724942,73,0,5.0,,12,0,0,0,0.0
0,0.090301796,49,0,0.457393699,5808.0,18,0,3,0,0.0
0,0.106599693,62,0,0.745469522,2427.0,11,0,2,0,1.0
0,0.00899907,57,0,0.155256316,15000.0,13,0,2,0,0.0
0,0.9999999,39,0,0.074168333,5500.0,3,1,0,0,1.0
0,0.195321841,63,0,1980.0,,11,0,1,0,0.0
0,0.616368286,50,0,0.357859532,2989.0,4,0,0,0,0.0
0,0.079183348,55,0,0.611802041,11658.0,9,0,3,0,0.0
0,0.044697188,50,0,0.26651315,8250.0,20,0,3,0,1.0
1,0.095427984,39,0,2847.0,,17,0,2,0,2.0
0,0.0,43,0,0.418654478,7000.0,5,0,2,0,1.0
1,0.909660323,37,0,0.130504661,3110.0,4,0,0,0,1.0
0,1.024828057,64,5,0.591040896,10000.0,9,2,2,2,0.0
1,1.041972019,50,2,1896.0,,6,0,0,0,0.0
0,0.392754088,53,0,0.384852675,9400.0,9,0,1,0,1.0
0,0.616883939,27,0,0.211148137,3300.0,3,0,0,0,0.0
0,0.9999999,39,0,0.0,,0,4,0,0,0.0
0,0.9999999,41,0,0.0,944.0,0,7,0,0,1.0
0,0.09914542,59,2,0.30308417,11250.0,9,0,2,0,2.0
0,0.045122015,48,0,0.340513328,12116.0,8,0,1,0,0.0
0,0.9999999,53,1,0.176798041,4490.0,4,0,0,0,1.0
0,0.239728518,46,0,0.026573614,7450.0,2,2,0,0,1.0
0,0.480651935,59,0,0.157901639,7624.0,4,0,1,0,0.0
0,0.065699599,62,1,0.148450245,17163.0,19,0,1,0,1.0
0,0.513148685,57,0,0.027125717,5750.0,1,0,0,0,1.0
0,0.038074529,62,0,0.255685178,18600.0,14,0,2,0,0.0
0,0.064645154,79,0,0.017482517,2001.0,5,0,0,0,0.0
0,0.382149809,41,0,0.190231362,3500.0,17,0,0,0,2.0
0,0.063402711,84,0,25.0,,2,0,0,0,0.0
0,0.006488732,64,0,0.002823197,8500.0,11,0,0,0,0.0
0,0.140980033,43,0,0.487882653,3135.0,13,0,1,0,3.0
0,0.303429598,46,0,0.390114943,4349.0,11,0,2,0,0.0
0,0.333277379,55,0,0.254870985,5696.0,9,0,2,0,0.0
1,0.005562932,70,0,0.295270473,10000.0,16,0,1,0,0.0
0,0.096250913,39,0,0.531522998,9500.0,6,0,2,0,1.0
0,0.223089431,54,0,0.470775384,11000.0,14,0,4,0,2.0
0,0.858220048,61,1,0.144183168,17775.0,9,0,0,0,1.0
0,0.003083446,53,0,0.096175478,5333.0,12,0,0,0,5.0
0,0.627540021,41,0,0.650562266,2400.0,13,0,2,0,0.0
0,0.098254336,33,0,0.137086291,10000.0,5,0,1,0,1.0
0,0.22181242,39,2,0.190311419,2600.0,12,1,0,0,0.0
1,0.337717552,54,0,1957.0,,15,0,1,1,0.0
0,0.009479621,70,0,0.002544529,2750.0,2,0,0,0,0.0
0,0.05189827,54,0,0.19561152,8020.0,6,0,2,0,0.0
0,0.604395604,36,0,0.710350955,2250.0,18,0,0,0,0.0
0,0.0,48,0,2076.0,,8,0,1,0,0.0
0,0.102188377,53,0,0.158614883,9500.0,5,0,2,0,2.0
0,0.051625506,51,0,1217.0,,4,0,2,0,0.0
0,0.215571257,25,0,1.184313725,764.0,6,0,0,0,0.0
1,0.0,42,1,0.378225299,3177.0,7,1,2,1,2.0
0,0.240964689,65,1,0.230276972,10000.0,9,0,1,0,1.0
0,0.040549583,71,1,0.057032513,11133.0,9,0,0,0,0.0
0,0.003253475,44,0,0.666448517,4583.0,10,0,3,0,1.0
0,0.940029985,37,0,0.100094727,3166.0,5,0,0,1,0.0
0,0.709184918,55,0,2982.0,,10,0,2,0,0.0
0,0.861712762,50,1,0.293946555,5500.0,7,0,1,1,1.0
1,0.342503939,46,2,2495.0,,4,2,1,0,0.0
0,0.043327159,84,0,0.007427864,10500.0,6,0,0,0,0.0
0,0.133686631,25,0,0.009359251,4166.0,2,0,0,0,0.0
0,0.110274189,61,0,0.113348248,14750.0,10,0,1,0,0.0
0,0.0,25,0,0.185407296,2000.0,2,0,0,0,0.0
0,0.0,64,1,0.345769487,1500.0,6,0,0,0,0.0
0,0.881118881,59,1,1175.0,,10,0,1,0,0.0
0,0.032584667,46,0,0.516521923,9441.0,8,0,2,0,1.0
0,0.533744376,39,0,1.163826403,4400.0,8,0,2,0,0.0
0,0.9999999,57,0,0.163683724,11900.0,2,0,1,0,0.0
0,0.740506329,35,0,0.812463712,5166.0,9,1,1,0,3.0
0,0.245390184,45,0,184.0,0.0,2,0,0,0,0.0
1,0.861677733,51,2,1.227120536,3583.0,15,0,1,0,1.0
0,0.9999999,46,0,158.0,,2,0,0,1,0.0
0,0.324678423,44,0,0.25654869,5000.0,8,0,1,0,0.0
0,0.069523262,56,0,0.582393755,6917.0,13,0,4,0,0.0
0,0.928931493,41,1,336.0,,3,0,0,0,
0,0.985432734,50,1,0.068620919,1500.0,1,0,0,0,0.0
0,0.304745331,48,0,0.94041082,4916.0,12,0,4,0,0.0
0,0.011495452,57,0,0.003479722,8333.0,6,0,0,0,0.0
0,0.031858531,78,0,0.028417819,1301.0,13,1,0,0,0.0
0,0.207633121,27,0,0.374694031,5310.0,8,0,1,0,1.0
0,0.817532617,60,1,0.612238716,3300.0,6,0,0,0,0.0
1,1.823920266,46,1,0.193437619,2620.0,24,1,0,0,3.0
0,0.030596363,78,0,725.0,,5,0,1,0,0.0
0,0.055850548,53,0,0.008845916,4860.0,2,0,0,0,1.0
0,1.06235012,58,0,0.392996109,1027.0,6,0,0,0,0.0
0,0.138409037,50,0,2167.0,,4,0,1,0,
0,0.9999999,68,0,1393.0,,6,0,1,0,0.0
0,0.070352569,61,0,0.219756049,5000.0,11,0,1,0,0.0
0,0.024624269,52,0,0.178268736,10500.0,26,0,1,0,0.0
0,0.681587448,43,1,3003.0,,10,0,1,1,0.0
0,0.015811512,58,0,7.0,,4,0,0,0,0.0
0,0.10317671,27,0,0.459011711,3500.0,8,0,1,0,3.0
0,0.536951089,23,0,0.043956044,1000.0,4,0,0,0,0.0
0,0.390626626,82,0,0.099459135,6655.0,8,0,0,0,0.0
0,0.177333682,52,1,0.539956803,8333.0,22,0,2,0,0.0
0,0.024112906,73,0,29.0,,14,0,0,0,0.0
0,0.463159148,44,0,0.283286935,20833.0,8,0,4,0,2.0
0,0.004580554,39,1,0.829493641,8333.0,21,0,2,0,2.0
0,0.036903706,58,0,0.202365647,23333.0,9,0,2,0,1.0
0,0.045126511,33,0,0.509103891,2800.0,4,0,1,0,1.0
0,0.001534073,72,0,1018.0,,9,0,1,0,0.0
0,0.956893678,58,0,0.219812337,6500.0,6,2,1,0,0.0
0,0.9999999,24,0,0.039415497,5200.0,3,0,0,0,1.0
0,0.456486543,51,0,0.283048212,4500.0,12,0,1,0,2.0
0,0.003370408,85,0,0.113943028,2000.0,8,0,0,0,0.0
0,0.052639097,37,0,22.0,,1,0,0,0,
0,0.459890914,42,0,0.645051746,6183.0,21,0,3,0,2.0
0,0.017107403,80,0,9.0,,6,0,0,0,
0,0.333835882,51,0,1.184159938,2600.0,15,0,2,0,2.0
0,0.685583993,41,0,0.450440529,10895.0,13,0,5,0,1.0
0,0.700648203,58,0,0.166569997,18964.0,17,0,2,0,1.0
0,0.9999999,56,0,0.0,,3,0,0,0,
0,0.241363985,58,0,0.117594389,6700.0,10,2,0,0,0.0
0,0.079440102,27,0,168.0,,4,0,0,0,0.0
1,0.184182787,35,0,0.121567582,3750.0,7,0,0,0,0.0
0,0.013211143,57,0,0.478605388,4416.0,7,0,1,0,0.0
0,0.987937967,45,0,0.687453416,4024.0,8,3,1,0,4.0
1,0.9999999,31,0,0.084741728,4200.0,5,0,0,0,0.0
0,0.422808599,55,0,0.287340722,13262.0,9,0,2,0,3.0
0,0.002118465,59,0,0.158153487,12000.0,3,0,1,0,4.0
0,0.00801154,85,0,0.00299925,4000.0,5,0,0,0,0.0
0,0.088173802,36,0,0.373897707,1700.0,8,0,0,0,2.0
0,0.684222081,60,0,3976.0,,25,0,2,0,2.0
0,0.273803005,59,0,4504.0,,7,0,2,0,0.0
0,0.438135702,82,0,0.126988407,7417.0,7,0,1,0,0.0
0,0.025780444,101,0,0.013797241,1666.0,5,0,0,0,0.0
0,0.404343543,63,1,3636.0,,14,0,2,0,
0,0.065792396,52,0,0.38227983,5631.0,22,0,1,0,2.0
0,0.001583307,57,0,0.547177529,7333.0,15,0,1,0,1.0
0,0.727227277,48,0,0.53930544,13216.0,11,0,3,0,1.0
0,0.029724257,55,0,5483.0,,12,0,3,0,0.0
0,0.086583388,72,0,0.101042331,4700.0,17,0,0,0,0.0
0,0.451970098,51,0,0.302759089,16200.0,10,0,1,0,1.0
0,0.062243325,59,0,3057.0,,8,0,1,0,0.0
0,0.679499319,53,0,0.833685396,7100.0,12,0,2,0,1.0
0,0.063757959,31,0,0.388255916,1140.0,7,0,0,0,0.0
0,0.292509357,44,0,1.343385214,3083.0,12,0,2,0,0.0
0,0.424225016,77,0,0.126480541,4727.0,5,0,0,0,0.0
0,0.9999999,44,0,0.752301987,24000.0,11,0,5,0,0.0
1,0.373717172,45,0,0.792004997,1600.0,21,0,0,0,0.0
0,0.1000439,37,0,0.42450914,2953.0,6,0,0,0,0.0
0,0.139866901,51,0,0.304195498,11416.0,7,0,2,0,0.0
0,0.085811664,66,0,0.223111076,25000.0,11,0,4,0,1.0
0,0.24155169,27,0,0.009814613,3667.0,6,0,0,0,0.0
1,0.674757357,53,0,2.162327718,3264.0,21,0,4,0,0.0
0,0.0,33,0,0.266746651,5000.0,5,0,1,0,0.0
0,0.9999999,76,0,3.0,,0,0,0,0,0.0
0,0.039031265,63,1,0.768538517,8333.0,20,0,5,0,0.0
0,0.986270706,40,0,2113.0,0.0,5,0,1,0,5.0
0,0.0,47,0,0.367835625,12945.0,11,0,4,0,2.0
0,0.985368957,81,2,0.668311017,4256.0,11,0,3,0,1.0
0,0.866891639,58,1,0.354235109,7000.0,5,0,1,0,0.0
0,0.035006326,58,0,0.272398928,8582.0,9,0,2,0,6.0
0,0.038357064,62,0,4142.0,,8,0,4,0,0.0
0,0.186602871,37,0,0.195558119,10400.0,9,1,1,0,0.0
0,0.510134226,42,0,0.977503749,6000.0,9,0,2,0,0.0
0,0.0,34,1,0.328550465,6132.0,6,0,2,0,0.0
0,0.0,47,0,0.16619169,20000.0,23,0,1,0,3.0
0,0.0,22,0,0.0,929.0,3,0,0,0,0.0
1,1.698433855,43,1,0.479265092,1904.0,6,0,1,0,0.0
0,0.019667171,55,0,0.299394051,10891.0,6,0,2,0,3.0
0,0.20390865,56,0,1.745254745,1000.0,15,0,1,0,1.0
0,0.348070295,34,1,0.476508121,3447.0,5,0,1,0,3.0
1,0.612644579,55,0,0.263680832,6541.0,9,0,0,0,0.0
0,0.063329111,32,0,396.0,,3,0,0,0,0.0
0,0.149800015,40,0,0.302565811,3000.0,3,0,1,0,3.0
0,0.030910017,56,0,0.246964719,7000.0,7,0,1,0,0.0
0,0.277749874,50,2,0.49212051,8629.0,15,0,2,0,2.0
0,0.353826364,34,1,0.395193065,5075.0,8,0,0,0,3.0
0,0.085201007,65,0,0.356352665,2982.0,11,0,2,0,0.0
0,0.9999999,40,0,0.107451581,27416.0,5,0,1,0,3.0
0,0.0,52,0,0.155467154,9300.0,7,0,1,0,2.0
0,0.087245638,44,0,0.305138972,5000.0,5,0,2,0,2.0
0,0.112120452,62,0,0.359852169,5140.0,8,0,1,0,0.0
0,0.76238094,62,0,0.232446506,12290.0,6,0,1,0,1.0
0,0.0,50,0,0.0,,5,0,0,0,0.0
0,0.805929179,45,0,0.513510661,9473.0,11,0,2,0,3.0
0,0.187876467,63,0,0.901399067,1500.0,15,0,0,0,0.0
0,0.011679285,72,0,349.0,,6,0,0,0,1.0
0,0.48905071,30,0,0.112054329,5300.0,5,0,0,0,1.0
0,0.603591417,35,0,0.404731293,3888.0,7,0,1,0,0.0
0,0.001900912,82,0,0.303339332,5000.0,12,0,2,0,1.0
1,0.9999999,27,1,0.38969118,4500.0,6,1,1,1,1.0
0,0.0,87,0,0.0,3394.0,7,0,0,0,0.0
0,0.207980814,43,0,0.477583082,8274.0,7,0,2,0,0.0
0,0.029467041,68,0,0.1766018,13000.0,9,0,1,0,0.0
0,0.0,68,0,0.518024841,3300.0,5,0,1,0,1.0
0,0.0,86,0,0.0,,1,0,0,0,
0,0.589136954,35,0,0.200076511,5227.0,6,0,1,0,0.0
0,0.163997018,39,0,0.620500514,2916.0,14,0,2,0,0.0
0,0.12885088,36,0,0.318251144,5900.0,6,0,1,0,2.0
0,0.0,40,0,0.0,5800.0,2,0,0,0,0.0
0,0.123923875,45,0,2627.0,,9,0,2,0,1.0
0,0.553122344,57,0,0.589540412,4416.0,3,0,1,0,1.0
1,0.334235166,42,0,0.367726455,5000.0,11,0,1,0,0.0
0,0.530889516,51,0,0.219890055,2000.0,7,0,0,0,1.0
0,0.006579864,52,1,0.277521812,10200.0,18,0,1,0,0.0
0,0.0,33,0,2075.0,,6,0,2,0,0.0
1,0.93555667,43,0,280.0,,5,0,0,0,5.0
0,0.9999999,64,0,0.144152047,3419.0,2,0,0,0,0.0
0,0.34590552,62,0,0.493168944,3000.0,16,0,0,0,0.0
0,0.9999999,25,0,0.009126467,2300.0,2,0,0,0,0.0
0,0.222494126,52,0,0.402131874,10600.0,11,0,5,0,0.0
0,0.029604043,35,1,0.372340426,5921.0,13,0,1,1,3.0
0,0.0,67,0,321.0,,6,0,0,0,0.0
0,0.024634137,39,0,0.386762936,4154.0,6,0,2,0,0.0
0,0.071976008,81,0,6.0,,1,0,0,0,0.0
0,0.320413658,63,0,3388.0,,12,0,2,0,0.0
1,0.802722728,38,1,2128.0,,8,1,0,0,5.0
0,0.198249298,51,0,0.137323944,9371.0,10,0,0,0,4.0
0,0.29304818,44,0,0.653266332,3581.0,5,0,1,0,0.0
1,0.35381913,52,0,0.738386308,5725.0,17,0,3,0,2.0
0,0.083797905,36,0,2168.0,,11,0,2,0,0.0
0,0.447265776,58,0,0.420287614,6466.0,14,0,2,0,2.0
0,0.082541703,35,0,0.331567253,5850.0,5,0,1,0,2.0
0,0.623841563,61,0,0.753035281,7000.0,12,0,2,0,1.0
0,0.197201865,40,2,0.111023415,3800.0,7,1,0,2,1.0
0,0.165055663,66,0,90.0,,4,0,0,0,0.0
0,0.03790059,72,0,545.0,,5,0,1,0,0.0
0,0.0,27,0,541.0,,9,0,0,0,1.0
0,0.298740939,35,1,0.134124779,3958.0,7,0,0,0,0.0
0,0.053998683,63,0,0.455155947,6700.0,9,0,3,0,1.0
0,0.367440276,55,0,1607.0,,8,0,2,0,0.0
0,0.08214051,46,0,1129.0,,5,0,1,0,0.0
0,1.020576132,43,1,0.054139172,6667.0,6,2,0,2,0.0
0,0.066170132,60,0,0.385885151,14296.0,7,0,3,0,1.0
0,0.024910274,49,0,0.29147918,14000.0,14,0,2,0,0.0
0,0.443938556,42,1,0.538795566,8750.0,11,0,4,0,3.0
0,0.03270021,69,0,0.593955919,4400.0,13,0,2,1,1.0
0,0.007651419,75,0,840.0,0.0,12,0,1,0,0.0
1,0.105131582,60,1,1.315835906,6800.0,11,0,4,0,0.0
0,0.171628129,39,0,0.161229846,8000.0,5,0,0,0,2.0
0,0.03339944,79,0,0.456550721,8250.0,18,0,1,1,1.0
0,0.383172654,72,0,0.385752179,7916.0,12,0,1,0,1.0
0,0.022089771,53,0,0.169524143,5715.0,4,0,1,0,0.0
0,0.024758279,69,0,0.170365927,5000.0,10,0,1,0,0.0
0,0.372695987,61,0,5782.0,,15,0,4,0,0.0
0,0.699441231,76,0,965.0,,9,0,1,0,0.0
0,0.582235541,37,0,0.310567605,6500.0,11,0,0,0,2.0
0,0.9999999,40,1,0.022977023,1000.0,0,0,0,0,0.0
0,0.9999999,43,1,2097.0,,7,0,1,0,0.0
0,0.9999999,59,0,0.379572206,7900.0,5,0,3,0,3.0
0,0.417434642,46,2,0.48515613,6500.0,14,0,3,0,1.0
0,0.010092554,37,0,0.003128259,1917.0,3,0,0,0,0.0
0,0.966871435,38,0,0.284302421,6070.0,4,0,1,0,1.0
0,0.483562674,27,0,0.179309425,7500.0,10,0,0,0,0.0
0,0.598710032,75,0,0.846769154,8000.0,7,0,3,0,0.0
0,0.016161527,59,0,0.241747848,10572.0,7,0,2,1,0.0
0,0.008985909,50,0,0.2003367,10097.0,9,0,2,0,0.0
0,0.03473748,67,0,1969.0,,10,0,2,0,0.0
0,0.174041844,30,0,0.441711658,5000.0,6,0,1,0,0.0
0,0.981317428,53,1,2687.0,,5,0,1,0,0.0
0,0.024066437,40,0,0.233595801,8000.0,9,0,2,0,1.0
0,0.026996625,23,0,0.007308161,820.0,4,0,0,0,0.0
0,0.080897058,36,0,0.361460385,6600.0,8,0,2,0,2.0
0,0.007736885,93,0,14.0,,7,0,0,0,
0,0.003243892,75,0,2769.0,,21,0,1,0,0.0
1,0.982265266,29,0,0.137353963,9500.0,7,0,0,0,2.0
0,0.0,62,0,0.0,2300.0,1,0,0,0,0.0
0,0.96119687,26,1,278.0,,4,1,0,1,0.0
0,0.672288514,39,0,0.381061894,10000.0,5,0,1,0,0.0
0,0.0099518,64,0,0.256249107,7000.0,4,0,1,0,0.0
0,0.447042874,43,1,0.550483172,3000.0,4,0,1,0,0.0
0,0.002262153,69,0,0.00079968,2500.0,7,0,0,0,0.0
0,0.092017992,50,0,0.307866761,7054.0,9,0,2,0,0.0
0,0.07583204,37,0,0.460476976,6666.0,22,0,2,0,2.0
0,0.007138447,59,0,0.28607859,8626.0,11,0,2,0,3.0
0,0.129800078,66,0,0.448591901,6000.0,10,0,1,0,0.0
0,0.569553881,39,3,0.322425659,7700.0,8,0,1,0,5.0
0,0.060991287,48,1,0.246595266,7562.0,6,0,1,0,1.0
0,0.117025228,45,0,122.0,,2,0,0,0,
0,0.057929247,45,0,0.271375465,7800.0,8,0,3,0,1.0
0,0.007200577,63,0,38.0,,5,0,0,0,0.0
0,0.43659537,50,1,0.054315572,7750.0,12,1,0,1,1.0
1,0.59703925,42,0,0.463107379,5000.0,11,0,1,0,0.0
0,0.262035494,45,0,1.162335677,6541.0,14,0,3,0,0.0
0,0.123593876,67,0,0.230258303,2709.0,7,0,1,0,1.0
0,0.289810481,28,0,0.24077099,3060.0,6,0,0,0,0.0
0,0.020347246,74,0,11.0,,4,0,0,0,
0,0.109061819,40,0,0.413053196,2236.0,10,0,1,0,1.0
0,0.113285321,43,0,0.41350349,9167.0,18,0,2,0,2.0
0,0.045168532,66,0,0.267238461,8860.0,13,0,3,0,0.0
0,0.207356867,61,0,1.874250167,4500.0,16,0,2,0,0.0
0,0.433657628,63,0,5983.0,,19,0,3,0,1.0
0,0.367640542,37,0,1.014511448,3100.0,10,0,2,0,2.0
0,0.277103391,60,0,0.700919632,2500.0,7,0,2,0,1.0
0,0.005221932,66,0,49.0,,2,0,0,0,0.0
0,0.035585389,59,0,0.450601805,3987.0,3,0,1,0,0.0
0,0.0,62,0,0.040462428,5016.0,5,0,0,0,1.0
0,0.025462249,53,0,0.274997344,9410.0,15,0,2,0,2.0
0,0.170145478,44,0,1.075522098,4117.0,13,0,3,0,0.0
1,0.934374143,67,1,0.735373473,14083.0,22,0,2,0,1.0
0,1.430784608,24,0,0.497085762,1200.0,2,4,0,1,1.0
0,1.028413028,49,1,0.662168916,2000.0,8,0,0,0,0.0
0,0.237505585,53,0,0.494197465,5600.0,6,0,1,0,0.0
0,0.033256787,42,0,2829.0,,18,0,1,0,0.0
0,0.926796752,53,0,399.0,,3,0,0,1,
0,0.291387915,43,1,0.322119816,4339.0,6,0,1,0,2.0
0,0.168475657,55,0,0.211377579,3585.0,4,0,1,0,2.0
0,0.458498449,53,0,0.374609702,13130.0,17,0,2,0,0.0
0,0.13217581,43,0,0.442963544,2550.0,3,0,1,0,0.0
0,0.000339453,29,0,0.0,3800.0,6,0,0,0,2.0
0,0.028966941,46,0,0.754966887,1660.0,9,0,1,0,0.0
0,0.9999999,56,0,0.368753288,1900.0,6,0,0,0,0.0
0,0.01089473,53,0,0.720530703,5878.0,6,0,2,0,2.0
0,0.274511092,49,0,0.275733774,4837.0,8,0,1,0,1.0
0,0.9999999,59,0,0.02576138,9160.0,3,1,0,0,1.0
0,0.163876917,78,0,1.137184116,1384.0,15,0,1,0,0.0
0,0.9999999,35,0,2420.0,,3,0,1,0,0.0
1,0.9999999,36,0,0.285578296,2100.0,2,0,0,0,0.0
0,0.285477403,69,2,855.0,,9,0,0,1,1.0
0,0.015757576,78,0,0.198877306,3740.0,18,0,1,0,0.0
0,0.9999999,56,0,0.044548652,14500.0,4,0,0,0,1.0
0,0.763172443,63,0,0.531662361,14322.0,21,0,2,0,0.0
0,0.456375839,40,1,0.312819718,6450.0,10,0,2,0,1.0
0,0.177116986,40,0,0.3262539,8333.0,8,0,2,0,1.0
0,0.087526032,67,1,0.888138983,8000.0,24,0,3,0,0.0
0,0.066090764,83,0,33.0,,2,0,0,0,
0,0.411216417,66,0,0.357312424,13900.0,16,0,1,0,1.0
0,0.055549074,58,0,2583.0,,9,0,1,0,0.0
0,0.071360393,65,0,0.052183778,1762.0,6,0,0,0,0.0
0,0.043973901,63,0,0.130760819,6400.0,6,0,1,0,1.0
0,0.31115972,52,0,0.376599312,11332.0,10,0,2,0,1.0
0,0.414585415,23,0,0.02268431,528.0,1,0,0,0,0.0
0,0.074557018,38,0,1.07928048,1500.0,6,0,2,0,1.0
0,0.11251981,57,0,2274.0,,7,0,1,0,1.0
0,0.0,67,0,0.0,5500.0,3,0,0,0,1.0
0,0.146347967,38,0,0.027707505,8300.0,12,0,0,0,1.0
0,0.942011598,25,0,0.106827834,3060.0,2,0,0,0,0.0
0,0.073759959,41,0,0.154222367,9200.0,5,0,1,0,2.0
0,0.023803717,37,0,2686.0,,10,0,2,0,1.0
0,0.074968656,44,0,0.359980542,6166.0,13,0,2,0,1.0
0,0.0,72,0,0.293957292,2200.0,6,0,0,0,0.0
0,0.0,58,1,0.202184814,5583.0,7,0,2,0,0.0
0,0.118620057,56,0,0.30012725,5500.0,5,0,2,0,0.0
0,0.069437294,80,0,0.661905734,4900.0,8,0,2,0,2.0
0,0.025711593,55,0,0.540702656,3500.0,8,0,1,0,2.0
0,0.0,35,0,0.215997461,6300.0,6,0,1,0,3.0
0,0.069510782,53,0,0.193473419,10326.0,10,0,2,0,0.0
0,1.08307641,72,0,1435.0,,2,0,1,0,0.0
0,0.9999999,68,0,0.423438006,3088.0,7,0,1,0,1.0
0,0.304517771,36,0,0.449635324,5072.0,9,0,1,0,0.0
0,0.297035148,75,0,0.844797178,1700.0,8,0,2,0,0.0
0,0.59089062,73,0,0.24671916,8000.0,5,0,0,0,1.0
0,0.788289896,26,0,0.427857589,1600.0,11,1,0,0,0.0
0,0.071920428,33,0,0.093171382,6750.0,5,0,0,0,0.0
0,0.431451291,53,0,0.65820643,6500.0,10,1,3,0,0.0
0,0.481272245,41,1,0.073785243,5000.0,3,0,0,0,0.0
0,0.288588625,51,1,0.249633431,2727.0,8,0,0,0,0.0
0,0.046037322,46,1,0.280492619,12666.0,11,0,1,0,2.0
0,0.439973172,74,2,11.66666667,179.0,12,2,1,0,1.0
1,0.345515504,47,0,0.601345669,10700.0,11,0,3,0,0.0
1,0.9999999,37,0,0.193650529,12000.0,1,3,0,1,2.0
1,0.9999999,22,0,0.132275132,1700.0,1,1,0,0,0.0
0,0.480038973,54,0,0.4505045,11000.0,8,0,2,0,1.0
0,0.04771732,57,0,0.355733914,7350.0,7,0,3,0,1.0
0,0.16279186,68,0,2262.0,,9,0,1,0,0.0
0,0.005246225,62,0,0.082743105,12000.0,10,0,1,0,0.0
0,0.936412246,61,0,0.230235969,7500.0,11,0,2,0,0.0
0,0.136891134,56,0,18.0830227,2950.0,11,0,1,0,1.0
0,0.264961035,49,0,0.010382619,5200.0,2,0,0,0,2.0
0,0.586994568,44,0,4275.0,,11,0,3,0,1.0
0,0.199432555,52,0,0.293202106,4368.0,11,0,1,0,3.0
1,0.0,50,0,0.087478385,9830.0,6,1,0,1,0.0
0,0.01063752,81,0,6.371833604,8605.0,6,0,0,0,0.0
0,0.198260058,52,0,0.190831632,14200.0,8,0,2,0,0.0
0,0.0,40,0,0.365439093,6000.0,7,0,2,0,2.0
0,0.0,49,0,0.292115573,4083.0,4,0,1,0,0.0
0,0.003340586,81,0,0.000677966,5899.0,7,0,0,0,0.0
0,0.706586826,23,0,0.004759638,2100.0,1,0,0,0,0.0
0,0.003060513,49,0,0.274362819,2000.0,4,0,1,0,0.0
0,0.0,59,0,0.246809366,9950.0,8,0,2,0,0.0
0,0.9999999,38,0,0.276493256,2075.0,6,0,0,0,0.0
0,0.045669504,49,0,2103.0,,4,0,2,0,0.0
0,0.011613774,37,0,2.0,,5,0,0,0,
0,0.151973963,77,0,0.190809191,2001.0,3,0,0,0,0.0
0,0.521459531,72,2,0.447051622,4900.0,16,0,2,0,0.0
0,0.045297735,60,0,0.056156077,3792.0,2,0,0,0,0.0
0,0.069130129,53,0,0.244548138,10500.0,24,0,2,0,3.0
0,0.811608815,42,0,2.474246231,3183.0,10,0,4,0,2.0
0,0.000799973,42,3,4656.0,0.0,9,0,2,0,2.0
0,0.777790593,46,0,0.342785198,9133.0,13,0,2,0,2.0
0,0.9999999,53,1,0.586219207,2800.0,4,0,1,0,1.0
0,0.152509847,72,0,84.0,,4,0,0,0,0.0
0,0.79641013,32,2,5478.0,0.0,11,0,2,2,2.0
0,0.037616865,71,0,0.092583845,6350.0,11,0,0,0,0.0
0,0.028596731,75,0,22.0,,6,0,0,0,0.0
0,0.162382195,58,0,0.345975519,10783.0,11,0,2,0,1.0
0,0.005687865,46,0,0.252499546,5500.0,7,0,2,0,2.0
0,0.400672973,42,1,2925.0,,3,0,1,0,0.0
0,0.148026496,57,0,0.489948574,6416.0,12,0,2,0,1.0
0,0.260223987,61,0,0.432162239,3500.0,14,0,0,0,0.0
0,0.329519969,67,0,2548.0,,6,0,1,0,0.0
0,1.675810474,33,1,0.237302248,1200.0,2,0,0,1,2.0
0,0.9999999,22,98,0.0,,0,98,0,98,
0,0.582585926,48,0,0.19362081,25833.0,8,0,2,0,2.0
0,0.9999999,53,0,0.274138188,6700.0,4,0,1,0,1.0
0,0.030261831,40,0,0.239173884,1500.0,8,0,0,0,1.0
0,0.00159996,70,0,0.360329959,8000.0,5,0,2,0,0.0
0,0.002584442,53,0,0.125430508,9000.0,9,0,1,0,1.0
0,0.107913105,79,0,41.0,,6,0,0,0,0.0
1,0.844942589,71,2,0.950508249,6000.0,16,2,1,0,0.0
0,0.006927627,62,0,0.002666222,6000.0,7,0,0,0,0.0
0,0.016463331,50,0,0.068149096,6250.0,6,0,1,0,0.0
0,0.013313035,61,0,0.184090575,6800.0,12,1,1,0,0.0
0,0.485311598,38,0,0.675802847,8500.0,12,0,6,0,0.0
0,0.402828369,45,0,0.39993601,6250.0,4,0,2,0,1.0
0,0.9999999,53,1,1239.0,,6,0,0,1,0.0
0,0.046576689,68,0,0.077790421,9666.0,11,0,1,0,0.0
0,0.021748913,36,0,0.005997001,2000.0,2,0,0,0,0.0
0,0.090767177,65,0,0.377803171,7000.0,13,0,3,0,0.0
0,0.026031418,40,0,0.185507587,8500.0,13,0,2,0,0.0
0,0.012491923,42,2,0.311567916,2480.0,10,0,1,1,3.0
1,0.177321468,52,0,0.651405115,3166.0,8,0,1,0,2.0
0,0.097241702,61,0,0.280124117,5800.0,6,0,1,0,0.0
1,0.62037962,25,1,0.16191904,2000.0,2,0,0,1,4.0
0,0.00186158,75,1,7.0,,13,0,0,0,0.0
0,0.070616947,58,0,0.176212613,11400.0,9,0,2,0,1.0
0,0.831082252,65,0,0.709755749,7000.0,14,0,1,0,1.0
0,0.292771763,60,0,0.481939634,8083.0,20,0,2,0,0.0
0,0.0,78,0,0.000344709,2900.0,8,0,0,0,0.0
0,0.000173033,81,0,517.0,,12,0,1,0,0.0
0,0.0,74,0,0.302735781,16667.0,18,0,2,0,0.0
0,0.614721944,29,0,0.495926127,1840.0,9,0,0,0,0.0
0,0.853600128,63,1,0.507320832,3892.0,9,0,1,1,1.0
1,0.498410055,41,0,0.51867788,5112.0,9,0,2,0,3.0
0,0.206543912,57,0,0.334941959,7666.0,16,0,0,0,1.0
0,0.632259112,77,0,0.474204947,4244.0,11,0,1,0,0.0
0,0.9999999,25,0,0.0,4000.0,0,0,0,0,0.0
0,0.9999999,27,0,0.144963759,4000.0,2,0,0,0,0.0
0,0.091372242,28,0,1400.0,,17,0,1,0,0.0
0,0.043341787,47,0,0.302961705,5300.0,11,0,1,0,3.0
0,0.024472781,41,0,0.008213552,7791.0,9,0,0,0,1.0
0,0.9999999,28,0,0.003699137,2432.0,1,0,0,0,0.0
0,0.945023096,42,0,0.562820859,3700.0,9,0,1,0,0.0
0,0.03496421,46,0,0.120167096,11250.0,9,0,1,0,1.0
0,0.278828071,38,0,0.752055099,4500.0,13,0,1,0,2.0
0,0.007927181,65,0,0.002499375,4000.0,9,0,0,0,1.0
0,0.997231195,46,3,0.324796848,4060.0,11,0,0,0,0.0
0,0.045856631,47,1,0.199897881,7833.0,4,0,1,0,2.0
0,0.9999999,54,0,0.0,3416.0,1,0,0,0,0.0
0,0.194847323,72,0,0.185073384,9606.0,21,0,2,0,0.0
0,0.999917403,39,0,1.300131637,2278.0,6,0,1,0,3.0
0,0.218217814,41,0,0.412404677,9834.0,11,0,3,0,3.0
1,0.976404719,53,1,360.0,,2,1,0,1,0.0
0,0.088098478,54,0,2293.0,,5,0,1,0,0.0
0,0.201578192,25,0,0.276702061,1600.0,4,0,0,0,0.0
0,0.061581078,33,0,0.158278629,2741.0,12,0,0,0,0.0
0,0.121207724,50,1,1156.0,0.0,13,0,2,0,5.0
0,0.532934132,22,0,0.394014963,400.0,2,0,0,0,0.0
